alpha,clients,layer,max_client_compute_time_sec,num_clients_this_round,round,seed,total_message_bytes_this_round,val_accuracy,val_f1_macro,wall_clock_unix
0.5,"[{'client_id': 21, 'num_samples': 1746, 'compute_time_sec': 2.889259499963373, 'message_size_bytes': 507600}, {'client_id': 18, 'num_samples': 1603, 'compute_time_sec': 0.35385700000915676, 'message_size_bytes': 507600}, {'client_id': 24, 'num_samples': 3861, 'compute_time_sec': 1.0150262000388466, 'message_size_bytes': 507600}, {'client_id': 17, 'num_samples': 7020, 'compute_time_sec': 6.271697599964682, 'message_size_bytes': 507600}, {'client_id': 25, 'num_samples': 2314, 'compute_time_sec': 1.0735183999640867, 'message_size_bytes': 507600}, {'client_id': 29, 'num_samples': 5322, 'compute_time_sec': 1.1907619000412524, 'message_size_bytes': 507600}, {'client_id': 22, 'num_samples': 4801, 'compute_time_sec': 1.080584799987264, 'message_size_bytes': 507600}, {'client_id': 14, 'num_samples': 10711, 'compute_time_sec': 2.339822900015861, 'message_size_bytes': 507600}, {'client_id': 19, 'num_samples': 5017, 'compute_time_sec': 0.967271699977573, 'message_size_bytes': 507600}, {'client_id': 6, 'num_samples': 204, 'compute_time_sec': 0.04158699995605275, 'message_size_bytes': 507600}, {'client_id': 16, 'num_samples': 7189, 'compute_time_sec': 1.2427527999971062, 'message_size_bytes': 507600}, {'client_id': 13, 'num_samples': 5096, 'compute_time_sec': 0.8430113999638706, 'message_size_bytes': 507600}, {'client_id': 12, 'num_samples': 11425, 'compute_time_sec': 2.37294779997319, 'message_size_bytes': 507600}, {'client_id': 11, 'num_samples': 3841, 'compute_time_sec': 0.8503433000296354, 'message_size_bytes': 507600}, {'client_id': 20, 'num_samples': 2912, 'compute_time_sec': 0.7015368000138551, 'message_size_bytes': 507600}, {'client_id': 7, 'num_samples': 8486, 'compute_time_sec': 2.1370033000130206, 'message_size_bytes': 507600}, {'client_id': 15, 'num_samples': 1362, 'compute_time_sec': 0.33040360000450164, 'message_size_bytes': 507600}, {'client_id': 5, 'num_samples': 5492, 'compute_time_sec': 1.1856726999976672, 'message_size_bytes': 507600}, {'client_id': 28, 'num_samples': 1987, 'compute_time_sec': 0.4666982999769971, 'message_size_bytes': 507600}, {'client_id': 2, 'num_samples': 3219, 'compute_time_sec': 0.68101589998696, 'message_size_bytes': 507600}, {'client_id': 10, 'num_samples': 1411, 'compute_time_sec': 0.32612919999519363, 'message_size_bytes': 507600}, {'client_id': 3, 'num_samples': 3323, 'compute_time_sec': 0.6112635000026785, 'message_size_bytes': 507600}, {'client_id': 1, 'num_samples': 3565, 'compute_time_sec': 0.7672756999963894, 'message_size_bytes': 507600}, {'client_id': 9, 'num_samples': 4027, 'compute_time_sec': 0.9469123000162654, 'message_size_bytes': 507600}, {'client_id': 23, 'num_samples': 8367, 'compute_time_sec': 1.7958229000214487, 'message_size_bytes': 507600}, {'client_id': 4, 'num_samples': 6278, 'compute_time_sec': 1.3228888999437913, 'message_size_bytes': 507600}, {'client_id': 27, 'num_samples': 1115, 'compute_time_sec': 0.2263560999999754, 'message_size_bytes': 507600}, {'client_id': 0, 'num_samples': 1381, 'compute_time_sec': 0.28673349996097386, 'message_size_bytes': 507600}, {'client_id': 26, 'num_samples': 1282, 'compute_time_sec': 0.28309889999218285, 'message_size_bytes': 507600}, {'client_id': 8, 'num_samples': 2046, 'compute_time_sec': 0.4189813999691978, 'message_size_bytes': 507600}]",A,6.271697599964682,30,0,2024,15228000,0.6612722463800601,0.3702637209418483,1784490036.1635945
0.5,"[{'client_id': 29, 'num_samples': 5322, 'compute_time_sec': 1.167643400025554, 'message_size_bytes': 507600}, {'client_id': 25, 'num_samples': 2314, 'compute_time_sec': 0.4939998000045307, 'message_size_bytes': 507600}, {'client_id': 2, 'num_samples': 3219, 'compute_time_sec': 0.64697729999898, 'message_size_bytes': 507600}, {'client_id': 13, 'num_samples': 5096, 'compute_time_sec': 1.0542153000133112, 'message_size_bytes': 507600}, {'client_id': 17, 'num_samples': 7020, 'compute_time_sec': 1.427211400005035, 'message_size_bytes': 507600}, {'client_id': 9, 'num_samples': 4027, 'compute_time_sec': 0.8945250000106171, 'message_size_bytes': 507600}, {'client_id': 3, 'num_samples': 3323, 'compute_time_sec': 0.6710650000022724, 'message_size_bytes': 507600}, {'client_id': 14, 'num_samples': 10711, 'compute_time_sec': 2.211817700008396, 'message_size_bytes': 507600}, {'client_id': 6, 'num_samples': 204, 'compute_time_sec': 0.04973349999636412, 'message_size_bytes': 507600}, {'client_id': 11, 'num_samples': 3841, 'compute_time_sec': 0.7641634999890812, 'message_size_bytes': 507600}, {'client_id': 12, 'num_samples': 11425, 'compute_time_sec': 2.432347900001332, 'message_size_bytes': 507600}, {'client_id': 16, 'num_samples': 7189, 'compute_time_sec': 1.531886700016912, 'message_size_bytes': 507600}, {'client_id': 15, 'num_samples': 1362, 'compute_time_sec': 1.0700952999759465, 'message_size_bytes': 507600}, {'client_id': 26, 'num_samples': 1282, 'compute_time_sec': 0.5130317999864928, 'message_size_bytes': 507600}, {'client_id': 21, 'num_samples': 1746, 'compute_time_sec': 0.3845564000075683, 'message_size_bytes': 507600}, {'client_id': 0, 'num_samples': 1381, 'compute_time_sec': 0.2907904000021517, 'message_size_bytes': 507600}, {'client_id': 7, 'num_samples': 8486, 'compute_time_sec': 2.0041839000186883, 'message_size_bytes': 507600}, {'client_id': 10, 'num_samples': 1411, 'compute_time_sec': 0.29985960002522916, 'message_size_bytes': 507600}, {'client_id': 1, 'num_samples': 3565, 'compute_time_sec': 0.7134874999755993, 'message_size_bytes': 507600}, {'client_id': 18, 'num_samples': 1603, 'compute_time_sec': 0.3375851000309922, 'message_size_bytes': 507600}, {'client_id': 8, 'num_samples': 2046, 'compute_time_sec': 0.4315667999908328, 'message_size_bytes': 507600}, {'client_id': 20, 'num_samples': 2912, 'compute_time_sec': 0.6078471000073478, 'message_size_bytes': 507600}, {'client_id': 24, 'num_samples': 3861, 'compute_time_sec': 0.8398581999936141, 'message_size_bytes': 507600}, {'client_id': 4, 'num_samples': 6278, 'compute_time_sec': 1.3324507999932393, 'message_size_bytes': 507600}, {'client_id': 28, 'num_samples': 1987, 'compute_time_sec': 0.4081153000006452, 'message_size_bytes': 507600}, {'client_id': 19, 'num_samples': 5017, 'compute_time_sec': 1.1253494000411592, 'message_size_bytes': 507600}, {'client_id': 5, 'num_samples': 5492, 'compute_time_sec': 1.3580065999994986, 'message_size_bytes': 507600}, {'client_id': 23, 'num_samples': 8367, 'compute_time_sec': 2.000896300014574, 'message_size_bytes': 507600}, {'client_id': 22, 'num_samples': 4801, 'compute_time_sec': 0.9855343000381254, 'message_size_bytes': 507600}, {'client_id': 27, 'num_samples': 1115, 'compute_time_sec': 0.2448242999962531, 'message_size_bytes': 507600}]",A,2.432347900001332,30,1,2024,15228000,0.8699063074371274,0.6951568573908987,1784490064.9952586
0.5,"[{'client_id': 9, 'num_samples': 4027, 'compute_time_sec': 0.8442323000053875, 'message_size_bytes': 507600}, {'client_id': 20, 'num_samples': 2912, 'compute_time_sec': 0.635346400027629, 'message_size_bytes': 507600}, {'client_id': 3, 'num_samples': 3323, 'compute_time_sec': 0.6665780000039376, 'message_size_bytes': 507600}, {'client_id': 14, 'num_samples': 10711, 'compute_time_sec': 2.184085100016091, 'message_size_bytes': 507600}, {'client_id': 25, 'num_samples': 2314, 'compute_time_sec': 0.5155777999898419, 'message_size_bytes': 507600}, {'client_id': 18, 'num_samples': 1603, 'compute_time_sec': 0.3718910000170581, 'message_size_bytes': 507600}, {'client_id': 4, 'num_samples': 6278, 'compute_time_sec': 1.3550555999972858, 'message_size_bytes': 507600}, {'client_id': 17, 'num_samples': 7020, 'compute_time_sec': 1.4732518999953754, 'message_size_bytes': 507600}, {'client_id': 6, 'num_samples': 204, 'compute_time_sec': 0.052320500020869076, 'message_size_bytes': 507600}, {'client_id': 10, 'num_samples': 1411, 'compute_time_sec': 0.3542784999590367, 'message_size_bytes': 507600}, {'client_id': 15, 'num_samples': 1362, 'compute_time_sec': 0.31248399999458343, 'message_size_bytes': 507600}, {'client_id': 26, 'num_samples': 1282, 'compute_time_sec': 0.27068810001946986, 'message_size_bytes': 507600}, {'client_id': 2, 'num_samples': 3219, 'compute_time_sec': 0.6668310000095516, 'message_size_bytes': 507600}, {'client_id': 29, 'num_samples': 5322, 'compute_time_sec': 1.097239799972158, 'message_size_bytes': 507600}, {'client_id': 5, 'num_samples': 5492, 'compute_time_sec': 1.0951025999966078, 'message_size_bytes': 507600}, {'client_id': 12, 'num_samples': 11425, 'compute_time_sec': 2.2201017000479624, 'message_size_bytes': 507600}, {'client_id': 0, 'num_samples': 1381, 'compute_time_sec': 0.2788076000288129, 'message_size_bytes': 507600}, {'client_id': 23, 'num_samples': 8367, 'compute_time_sec': 2.394351899973117, 'message_size_bytes': 507600}, {'client_id': 19, 'num_samples': 5017, 'compute_time_sec': 1.0395416999817826, 'message_size_bytes': 507600}, {'client_id': 21, 'num_samples': 1746, 'compute_time_sec': 0.3473925999714993, 'message_size_bytes': 507600}, {'client_id': 24, 'num_samples': 3861, 'compute_time_sec': 0.7340125999762677, 'message_size_bytes': 507600}, {'client_id': 1, 'num_samples': 3565, 'compute_time_sec': 0.7115980999660678, 'message_size_bytes': 507600}, {'client_id': 11, 'num_samples': 3841, 'compute_time_sec': 0.768815400020685, 'message_size_bytes': 507600}, {'client_id': 27, 'num_samples': 1115, 'compute_time_sec': 0.2353438999853097, 'message_size_bytes': 507600}, {'client_id': 28, 'num_samples': 1987, 'compute_time_sec': 0.4176260999520309, 'message_size_bytes': 507600}, {'client_id': 16, 'num_samples': 7189, 'compute_time_sec': 1.533457100042142, 'message_size_bytes': 507600}, {'client_id': 22, 'num_samples': 4801, 'compute_time_sec': 0.9750803000060841, 'message_size_bytes': 507600}, {'client_id': 13, 'num_samples': 5096, 'compute_time_sec': 1.0297949999803677, 'message_size_bytes': 507600}, {'client_id': 8, 'num_samples': 2046, 'compute_time_sec': 0.41344410000601783, 'message_size_bytes': 507600}, {'client_id': 7, 'num_samples': 8486, 'compute_time_sec': 1.7698952000355348, 'message_size_bytes': 507600}]",A,2.394351899973117,30,2,2024,15228000,0.8690545568655579,0.7298165761092459,1784490092.276701
0.5,"[{'client_id': 7, 'num_samples': 8486, 'compute_time_sec': 1.6445362999802455, 'message_size_bytes': 507600}, {'client_id': 18, 'num_samples': 1603, 'compute_time_sec': 0.3380371000384912, 'message_size_bytes': 507600}, {'client_id': 19, 'num_samples': 5017, 'compute_time_sec': 1.7794491000240669, 'message_size_bytes': 507600}, {'client_id': 14, 'num_samples': 10711, 'compute_time_sec': 2.225922300014645, 'message_size_bytes': 507600}, {'client_id': 13, 'num_samples': 5096, 'compute_time_sec': 1.0218473999993876, 'message_size_bytes': 507600}, {'client_id': 29, 'num_samples': 5322, 'compute_time_sec': 1.1547406999743544, 'message_size_bytes': 507600}, {'client_id': 2, 'num_samples': 3219, 'compute_time_sec': 0.6670649999869056, 'message_size_bytes': 507600}, {'client_id': 8, 'num_samples': 2046, 'compute_time_sec': 0.39986209996277466, 'message_size_bytes': 507600}, {'client_id': 4, 'num_samples': 6278, 'compute_time_sec': 1.2753065000288188, 'message_size_bytes': 507600}, {'client_id': 28, 'num_samples': 1987, 'compute_time_sec': 0.4252604999928735, 'message_size_bytes': 507600}, {'client_id': 24, 'num_samples': 3861, 'compute_time_sec': 0.7975385000463575, 'message_size_bytes': 507600}, {'client_id': 17, 'num_samples': 7020, 'compute_time_sec': 1.4329774000216275, 'message_size_bytes': 507600}, {'client_id': 0, 'num_samples': 1381, 'compute_time_sec': 0.2736516000004485, 'message_size_bytes': 507600}, {'client_id': 12, 'num_samples': 11425, 'compute_time_sec': 2.3855702999862842, 'message_size_bytes': 507600}, {'client_id': 9, 'num_samples': 4027, 'compute_time_sec': 0.8580883000395261, 'message_size_bytes': 507600}, {'client_id': 21, 'num_samples': 1746, 'compute_time_sec': 0.36599140003090724, 'message_size_bytes': 507600}, {'client_id': 1, 'num_samples': 3565, 'compute_time_sec': 0.7438178000156768, 'message_size_bytes': 507600}, {'client_id': 6, 'num_samples': 204, 'compute_time_sec': 0.05220859998371452, 'message_size_bytes': 507600}, {'client_id': 16, 'num_samples': 7189, 'compute_time_sec': 1.46795399999246, 'message_size_bytes': 507600}, {'client_id': 5, 'num_samples': 5492, 'compute_time_sec': 1.155405699973926, 'message_size_bytes': 507600}, {'client_id': 20, 'num_samples': 2912, 'compute_time_sec': 0.5844673999818042, 'message_size_bytes': 507600}, {'client_id': 15, 'num_samples': 1362, 'compute_time_sec': 0.2704327999963425, 'message_size_bytes': 507600}, {'client_id': 11, 'num_samples': 3841, 'compute_time_sec': 0.7911132000153884, 'message_size_bytes': 507600}, {'client_id': 10, 'num_samples': 1411, 'compute_time_sec': 0.31943189998855814, 'message_size_bytes': 507600}, {'client_id': 25, 'num_samples': 2314, 'compute_time_sec': 0.48020499997073784, 'message_size_bytes': 507600}, {'client_id': 3, 'num_samples': 3323, 'compute_time_sec': 0.6722346000024118, 'message_size_bytes': 507600}, {'client_id': 26, 'num_samples': 1282, 'compute_time_sec': 0.25878420000663027, 'message_size_bytes': 507600}, {'client_id': 23, 'num_samples': 8367, 'compute_time_sec': 1.7672546000103466, 'message_size_bytes': 507600}, {'client_id': 27, 'num_samples': 1115, 'compute_time_sec': 0.2323828999651596, 'message_size_bytes': 507600}, {'client_id': 22, 'num_samples': 4801, 'compute_time_sec': 1.0319442999898456, 'message_size_bytes': 507600}]",A,2.3855702999862842,30,3,2024,15228000,0.8665441341283006,0.7213757459328765,1784490119.6748824
0.5,"[{'client_id': 22, 'num_samples': 4801, 'compute_time_sec': 1.0011489000171423, 'message_size_bytes': 507600}, {'client_id': 17, 'num_samples': 7020, 'compute_time_sec': 1.515042600047309, 'message_size_bytes': 507600}, {'client_id': 29, 'num_samples': 5322, 'compute_time_sec': 1.1011355000082403, 'message_size_bytes': 507600}, {'client_id': 1, 'num_samples': 3565, 'compute_time_sec': 0.7091806999524124, 'message_size_bytes': 507600}, {'client_id': 25, 'num_samples': 2314, 'compute_time_sec': 0.4083637000294402, 'message_size_bytes': 507600}, {'client_id': 28, 'num_samples': 1987, 'compute_time_sec': 0.44654989999253303, 'message_size_bytes': 507600}, {'client_id': 27, 'num_samples': 1115, 'compute_time_sec': 0.8878145000198856, 'message_size_bytes': 507600}, {'client_id': 2, 'num_samples': 3219, 'compute_time_sec': 0.7375188000150956, 'message_size_bytes': 507600}, {'client_id': 9, 'num_samples': 4027, 'compute_time_sec': 0.8273812999832444, 'message_size_bytes': 507600}, {'client_id': 26, 'num_samples': 1282, 'compute_time_sec': 0.28086509997956455, 'message_size_bytes': 507600}, {'client_id': 24, 'num_samples': 3861, 'compute_time_sec': 0.8003161000087857, 'message_size_bytes': 507600}, {'client_id': 8, 'num_samples': 2046, 'compute_time_sec': 0.41023659997154027, 'message_size_bytes': 507600}, {'client_id': 14, 'num_samples': 10711, 'compute_time_sec': 2.2498029000125825, 'message_size_bytes': 507600}, {'client_id': 21, 'num_samples': 1746, 'compute_time_sec': 0.371839200030081, 'message_size_bytes': 507600}, {'client_id': 4, 'num_samples': 6278, 'compute_time_sec': 1.2820012999582104, 'message_size_bytes': 507600}, {'client_id': 3, 'num_samples': 3323, 'compute_time_sec': 0.7086858000257052, 'message_size_bytes': 507600}, {'client_id': 5, 'num_samples': 5492, 'compute_time_sec': 1.1242225000169128, 'message_size_bytes': 507600}, {'client_id': 20, 'num_samples': 2912, 'compute_time_sec': 0.5956608999986202, 'message_size_bytes': 507600}, {'client_id': 0, 'num_samples': 1381, 'compute_time_sec': 0.28658679994987324, 'message_size_bytes': 507600}, {'client_id': 18, 'num_samples': 1603, 'compute_time_sec': 0.3188267999794334, 'message_size_bytes': 507600}, {'client_id': 19, 'num_samples': 5017, 'compute_time_sec': 1.027852899977006, 'message_size_bytes': 507600}, {'client_id': 11, 'num_samples': 3841, 'compute_time_sec': 0.7834157000179403, 'message_size_bytes': 507600}, {'client_id': 23, 'num_samples': 8367, 'compute_time_sec': 1.7403162000118755, 'message_size_bytes': 507600}, {'client_id': 10, 'num_samples': 1411, 'compute_time_sec': 0.2959971000091173, 'message_size_bytes': 507600}, {'client_id': 16, 'num_samples': 7189, 'compute_time_sec': 1.5207872000173666, 'message_size_bytes': 507600}, {'client_id': 13, 'num_samples': 5096, 'compute_time_sec': 1.0684063999797218, 'message_size_bytes': 507600}, {'client_id': 12, 'num_samples': 11425, 'compute_time_sec': 2.407219399989117, 'message_size_bytes': 507600}, {'client_id': 15, 'num_samples': 1362, 'compute_time_sec': 0.2935305999708362, 'message_size_bytes': 507600}, {'client_id': 7, 'num_samples': 8486, 'compute_time_sec': 1.7960065000224859, 'message_size_bytes': 507600}, {'client_id': 6, 'num_samples': 204, 'compute_time_sec': 0.058146600029431283, 'message_size_bytes': 507600}]",A,2.407219399989117,30,4,2024,15228000,0.8751961267763483,0.740276033638107,1784490147.2817361
0.5,"[{'client_id': 26, 'num_samples': 1282, 'compute_time_sec': 0.29349750000983477, 'message_size_bytes': 507600}, {'client_id': 21, 'num_samples': 1746, 'compute_time_sec': 0.36818010004935786, 'message_size_bytes': 507600}, {'client_id': 4, 'num_samples': 6278, 'compute_time_sec': 1.2801348000066355, 'message_size_bytes': 507600}, {'client_id': 14, 'num_samples': 10711, 'compute_time_sec': 2.2168131999787875, 'message_size_bytes': 507600}, {'client_id': 15, 'num_samples': 1362, 'compute_time_sec': 0.29289830004563555, 'message_size_bytes': 507600}, {'client_id': 11, 'num_samples': 3841, 'compute_time_sec': 0.8101785999606363, 'message_size_bytes': 507600}, {'client_id': 3, 'num_samples': 3323, 'compute_time_sec': 0.6934816999710165, 'message_size_bytes': 507600}, {'client_id': 9, 'num_samples': 4027, 'compute_time_sec': 0.8224416999728419, 'message_size_bytes': 507600}, {'client_id': 12, 'num_samples': 11425, 'compute_time_sec': 2.9913845999981277, 'message_size_bytes': 507600}, {'client_id': 1, 'num_samples': 3565, 'compute_time_sec': 0.7085408000275493, 'message_size_bytes': 507600}, {'client_id': 16, 'num_samples': 7189, 'compute_time_sec': 1.4612235999666154, 'message_size_bytes': 507600}, {'client_id': 10, 'num_samples': 1411, 'compute_time_sec': 0.3053801999776624, 'message_size_bytes': 507600}, {'client_id': 19, 'num_samples': 5017, 'compute_time_sec': 1.052180300001055, 'message_size_bytes': 507600}, {'client_id': 8, 'num_samples': 2046, 'compute_time_sec': 0.45273289998294786, 'message_size_bytes': 507600}, {'client_id': 27, 'num_samples': 1115, 'compute_time_sec': 0.24728630000026897, 'message_size_bytes': 507600}, {'client_id': 24, 'num_samples': 3861, 'compute_time_sec': 0.805625399982091, 'message_size_bytes': 507600}, {'client_id': 2, 'num_samples': 3219, 'compute_time_sec': 0.713145500048995, 'message_size_bytes': 507600}, {'client_id': 7, 'num_samples': 8486, 'compute_time_sec': 1.7609415000188164, 'message_size_bytes': 507600}, {'client_id': 18, 'num_samples': 1603, 'compute_time_sec': 0.32632039999589324, 'message_size_bytes': 507600}, {'client_id': 29, 'num_samples': 5322, 'compute_time_sec': 1.0428919999976642, 'message_size_bytes': 507600}, {'client_id': 0, 'num_samples': 1381, 'compute_time_sec': 0.2894772999570705, 'message_size_bytes': 507600}, {'client_id': 5, 'num_samples': 5492, 'compute_time_sec': 1.1258376999758184, 'message_size_bytes': 507600}, {'client_id': 20, 'num_samples': 2912, 'compute_time_sec': 0.631853700033389, 'message_size_bytes': 507600}, {'client_id': 13, 'num_samples': 5096, 'compute_time_sec': 1.042596599960234, 'message_size_bytes': 507600}, {'client_id': 17, 'num_samples': 7020, 'compute_time_sec': 1.4773928999784403, 'message_size_bytes': 507600}, {'client_id': 23, 'num_samples': 8367, 'compute_time_sec': 1.737319200008642, 'message_size_bytes': 507600}, {'client_id': 6, 'num_samples': 204, 'compute_time_sec': 0.048866900033317506, 'message_size_bytes': 507600}, {'client_id': 22, 'num_samples': 4801, 'compute_time_sec': 1.0251846000319347, 'message_size_bytes': 507600}, {'client_id': 25, 'num_samples': 2314, 'compute_time_sec': 0.41513619996840134, 'message_size_bytes': 507600}, {'client_id': 28, 'num_samples': 1987, 'compute_time_sec': 0.40307930001290515, 'message_size_bytes': 507600}]",A,2.9913845999981277,30,5,2024,15228000,0.8721477563096786,0.7345486550207768,1784490174.6612465
0.5,"[{'client_id': 24, 'num_samples': 3861, 'compute_time_sec': 0.8024356999667361, 'message_size_bytes': 507600}, {'client_id': 29, 'num_samples': 5322, 'compute_time_sec': 1.0840485999942757, 'message_size_bytes': 507600}, {'client_id': 17, 'num_samples': 7020, 'compute_time_sec': 1.4415669000009075, 'message_size_bytes': 507600}, {'client_id': 28, 'num_samples': 1987, 'compute_time_sec': 0.4111850000335835, 'message_size_bytes': 507600}, {'client_id': 22, 'num_samples': 4801, 'compute_time_sec': 0.9950168000068516, 'message_size_bytes': 507600}, {'client_id': 18, 'num_samples': 1603, 'compute_time_sec': 0.3468746999860741, 'message_size_bytes': 507600}, {'client_id': 16, 'num_samples': 7189, 'compute_time_sec': 1.4885281000169925, 'message_size_bytes': 507600}, {'client_id': 2, 'num_samples': 3219, 'compute_time_sec': 0.7071374999941327, 'message_size_bytes': 507600}, {'client_id': 12, 'num_samples': 11425, 'compute_time_sec': 2.409986399987247, 'message_size_bytes': 507600}, {'client_id': 13, 'num_samples': 5096, 'compute_time_sec': 2.5941984999808483, 'message_size_bytes': 507600}, {'client_id': 4, 'num_samples': 6278, 'compute_time_sec': 1.452029699983541, 'message_size_bytes': 507600}, {'client_id': 20, 'num_samples': 2912, 'compute_time_sec': 0.7564057999989018, 'message_size_bytes': 507600}, {'client_id': 14, 'num_samples': 10711, 'compute_time_sec': 2.952092299994547, 'message_size_bytes': 507600}, {'client_id': 23, 'num_samples': 8367, 'compute_time_sec': 1.8027195000322536, 'message_size_bytes': 507600}, {'client_id': 21, 'num_samples': 1746, 'compute_time_sec': 0.3758860000525601, 'message_size_bytes': 507600}, {'client_id': 26, 'num_samples': 1282, 'compute_time_sec': 0.31277329998556525, 'message_size_bytes': 507600}, {'client_id': 8, 'num_samples': 2046, 'compute_time_sec': 0.4314097000169568, 'message_size_bytes': 507600}, {'client_id': 1, 'num_samples': 3565, 'compute_time_sec': 0.7431662000017241, 'message_size_bytes': 507600}, {'client_id': 6, 'num_samples': 204, 'compute_time_sec': 0.04870129999471828, 'message_size_bytes': 507600}, {'client_id': 27, 'num_samples': 1115, 'compute_time_sec': 0.239941900013946, 'message_size_bytes': 507600}, {'client_id': 5, 'num_samples': 5492, 'compute_time_sec': 1.1276614000089467, 'message_size_bytes': 507600}, {'client_id': 9, 'num_samples': 4027, 'compute_time_sec': 0.9064846999826841, 'message_size_bytes': 507600}, {'client_id': 11, 'num_samples': 3841, 'compute_time_sec': 0.7988202999695204, 'message_size_bytes': 507600}, {'client_id': 7, 'num_samples': 8486, 'compute_time_sec': 1.7629684999701567, 'message_size_bytes': 507600}, {'client_id': 10, 'num_samples': 1411, 'compute_time_sec': 0.3017983000027016, 'message_size_bytes': 507600}, {'client_id': 19, 'num_samples': 5017, 'compute_time_sec': 1.0814281999482773, 'message_size_bytes': 507600}, {'client_id': 15, 'num_samples': 1362, 'compute_time_sec': 0.2878711000084877, 'message_size_bytes': 507600}, {'client_id': 25, 'num_samples': 2314, 'compute_time_sec': 0.516905999975279, 'message_size_bytes': 507600}, {'client_id': 0, 'num_samples': 1381, 'compute_time_sec': 0.2868536000023596, 'message_size_bytes': 507600}, {'client_id': 3, 'num_samples': 3323, 'compute_time_sec': 0.6839049000409432, 'message_size_bytes': 507600}]",A,2.952092299994547,30,6,2024,15228000,0.8747030080243869,0.7423136367870946,1784490204.3291254
0.5,"[{'client_id': 29, 'num_samples': 5322, 'compute_time_sec': 1.1162426000228152, 'message_size_bytes': 507600}, {'client_id': 10, 'num_samples': 1411, 'compute_time_sec': 0.35094189998926595, 'message_size_bytes': 507600}, {'client_id': 26, 'num_samples': 1282, 'compute_time_sec': 0.3140113999834284, 'message_size_bytes': 507600}, {'client_id': 8, 'num_samples': 2046, 'compute_time_sec': 0.5835104000288993, 'message_size_bytes': 507600}, {'client_id': 24, 'num_samples': 3861, 'compute_time_sec': 0.8945243000052869, 'message_size_bytes': 507600}, {'client_id': 0, 'num_samples': 1381, 'compute_time_sec': 0.28421630000229925, 'message_size_bytes': 507600}, {'client_id': 28, 'num_samples': 1987, 'compute_time_sec': 0.4367898000054993, 'message_size_bytes': 507600}, {'client_id': 11, 'num_samples': 3841, 'compute_time_sec': 0.7639208000036888, 'message_size_bytes': 507600}, {'client_id': 27, 'num_samples': 1115, 'compute_time_sec': 0.21800410002470016, 'message_size_bytes': 507600}, {'client_id': 20, 'num_samples': 2912, 'compute_time_sec': 0.5822627000161447, 'message_size_bytes': 507600}, {'client_id': 21, 'num_samples': 1746, 'compute_time_sec': 0.38561150000896305, 'message_size_bytes': 507600}, {'client_id': 17, 'num_samples': 7020, 'compute_time_sec': 1.482731900003273, 'message_size_bytes': 507600}, {'client_id': 18, 'num_samples': 1603, 'compute_time_sec': 0.32731339999008924, 'message_size_bytes': 507600}, {'client_id': 7, 'num_samples': 8486, 'compute_time_sec': 1.75426089996472, 'message_size_bytes': 507600}, {'client_id': 2, 'num_samples': 3219, 'compute_time_sec': 0.6452171000419185, 'message_size_bytes': 507600}, {'client_id': 4, 'num_samples': 6278, 'compute_time_sec': 5.0853991999756545, 'message_size_bytes': 507600}, {'client_id': 9, 'num_samples': 4027, 'compute_time_sec': 1.3662624999997206, 'message_size_bytes': 507600}, {'client_id': 22, 'num_samples': 4801, 'compute_time_sec': 1.0013562999665737, 'message_size_bytes': 507600}, {'client_id': 5, 'num_samples': 5492, 'compute_time_sec': 1.1124280000221916, 'message_size_bytes': 507600}, {'client_id': 13, 'num_samples': 5096, 'compute_time_sec': 1.082997300021816, 'message_size_bytes': 507600}, {'client_id': 16, 'num_samples': 7189, 'compute_time_sec': 1.4660879999864846, 'message_size_bytes': 507600}, {'client_id': 1, 'num_samples': 3565, 'compute_time_sec': 0.7339642000151798, 'message_size_bytes': 507600}, {'client_id': 3, 'num_samples': 3323, 'compute_time_sec': 0.6901773999561556, 'message_size_bytes': 507600}, {'client_id': 14, 'num_samples': 10711, 'compute_time_sec': 2.319766599975992, 'message_size_bytes': 507600}, {'client_id': 6, 'num_samples': 204, 'compute_time_sec': 0.05543999996734783, 'message_size_bytes': 507600}, {'client_id': 23, 'num_samples': 8367, 'compute_time_sec': 1.7889216999756172, 'message_size_bytes': 507600}, {'client_id': 19, 'num_samples': 5017, 'compute_time_sec': 1.0774205999914557, 'message_size_bytes': 507600}, {'client_id': 15, 'num_samples': 1362, 'compute_time_sec': 0.3338344999938272, 'message_size_bytes': 507600}, {'client_id': 25, 'num_samples': 2314, 'compute_time_sec': 0.4954225999535993, 'message_size_bytes': 507600}, {'client_id': 12, 'num_samples': 11425, 'compute_time_sec': 2.4649562999838963, 'message_size_bytes': 507600}]",A,5.0853991999756545,30,7,2024,15228000,0.8797686824763528,0.7494335197452833,1784490236.0842361
0.5,"[{'client_id': 19, 'num_samples': 5017, 'compute_time_sec': 1.0546758999698795, 'message_size_bytes': 507600}, {'client_id': 13, 'num_samples': 5096, 'compute_time_sec': 1.03567309997743, 'message_size_bytes': 507600}, {'client_id': 15, 'num_samples': 1362, 'compute_time_sec': 0.28387530002510175, 'message_size_bytes': 507600}, {'client_id': 12, 'num_samples': 11425, 'compute_time_sec': 2.280486200004816, 'message_size_bytes': 507600}, {'client_id': 22, 'num_samples': 4801, 'compute_time_sec': 0.9924556000041775, 'message_size_bytes': 507600}, {'client_id': 27, 'num_samples': 1115, 'compute_time_sec': 0.2473438999732025, 'message_size_bytes': 507600}, {'client_id': 2, 'num_samples': 3219, 'compute_time_sec': 0.6634237000253052, 'message_size_bytes': 507600}, {'client_id': 23, 'num_samples': 8367, 'compute_time_sec': 1.7224278999492526, 'message_size_bytes': 507600}, {'client_id': 4, 'num_samples': 6278, 'compute_time_sec': 2.0345289999968372, 'message_size_bytes': 507600}, {'client_id': 17, 'num_samples': 7020, 'compute_time_sec': 1.4216325000161305, 'message_size_bytes': 507600}, {'client_id': 14, 'num_samples': 10711, 'compute_time_sec': 2.1442688000388443, 'message_size_bytes': 507600}, {'client_id': 24, 'num_samples': 3861, 'compute_time_sec': 0.815691500029061, 'message_size_bytes': 507600}, {'client_id': 0, 'num_samples': 1381, 'compute_time_sec': 0.28592199995182455, 'message_size_bytes': 507600}, {'client_id': 1, 'num_samples': 3565, 'compute_time_sec': 0.7305237000109628, 'message_size_bytes': 507600}, {'client_id': 25, 'num_samples': 2314, 'compute_time_sec': 0.4969633999862708, 'message_size_bytes': 507600}, {'client_id': 8, 'num_samples': 2046, 'compute_time_sec': 0.4242427999852225, 'message_size_bytes': 507600}, {'client_id': 7, 'num_samples': 8486, 'compute_time_sec': 1.7189816000172868, 'message_size_bytes': 507600}, {'client_id': 3, 'num_samples': 3323, 'compute_time_sec': 0.6968564999988303, 'message_size_bytes': 507600}, {'client_id': 29, 'num_samples': 5322, 'compute_time_sec': 1.0718518000212498, 'message_size_bytes': 507600}, {'client_id': 6, 'num_samples': 204, 'compute_time_sec': 0.04949880001368001, 'message_size_bytes': 507600}, {'client_id': 20, 'num_samples': 2912, 'compute_time_sec': 0.5837338999845088, 'message_size_bytes': 507600}, {'client_id': 16, 'num_samples': 7189, 'compute_time_sec': 1.4741909999866039, 'message_size_bytes': 507600}, {'client_id': 11, 'num_samples': 3841, 'compute_time_sec': 0.7741860000533052, 'message_size_bytes': 507600}, {'client_id': 10, 'num_samples': 1411, 'compute_time_sec': 0.2901531999814324, 'message_size_bytes': 507600}, {'client_id': 26, 'num_samples': 1282, 'compute_time_sec': 0.2697692000074312, 'message_size_bytes': 507600}, {'client_id': 5, 'num_samples': 5492, 'compute_time_sec': 1.1098569000023417, 'message_size_bytes': 507600}, {'client_id': 9, 'num_samples': 4027, 'compute_time_sec': 0.8066548999631777, 'message_size_bytes': 507600}, {'client_id': 28, 'num_samples': 1987, 'compute_time_sec': 0.42258959996979684, 'message_size_bytes': 507600}, {'client_id': 18, 'num_samples': 1603, 'compute_time_sec': 0.3410454000113532, 'message_size_bytes': 507600}, {'client_id': 21, 'num_samples': 1746, 'compute_time_sec': 0.37022019998403266, 'message_size_bytes': 507600}]",A,2.280486200004816,30,8,2024,15228000,0.8589680369390774,0.7046044514671345,1784490263.2239118
0.5,"[{'client_id': 6, 'num_samples': 204, 'compute_time_sec': 0.04686450003646314, 'message_size_bytes': 507600}, {'client_id': 13, 'num_samples': 5096, 'compute_time_sec': 1.0369332000263967, 'message_size_bytes': 507600}, {'client_id': 3, 'num_samples': 3323, 'compute_time_sec': 0.6701976000331342, 'message_size_bytes': 507600}, {'client_id': 2, 'num_samples': 3219, 'compute_time_sec': 0.6740318000083789, 'message_size_bytes': 507600}, {'client_id': 0, 'num_samples': 1381, 'compute_time_sec': 0.28504309995332733, 'message_size_bytes': 507600}, {'client_id': 1, 'num_samples': 3565, 'compute_time_sec': 0.6780531000113115, 'message_size_bytes': 507600}, {'client_id': 29, 'num_samples': 5322, 'compute_time_sec': 1.176819299987983, 'message_size_bytes': 507600}, {'client_id': 8, 'num_samples': 2046, 'compute_time_sec': 0.41900519997579977, 'message_size_bytes': 507600}, {'client_id': 23, 'num_samples': 8367, 'compute_time_sec': 1.6275917000020854, 'message_size_bytes': 507600}, {'client_id': 19, 'num_samples': 5017, 'compute_time_sec': 1.0715098000364378, 'message_size_bytes': 507600}, {'client_id': 24, 'num_samples': 3861, 'compute_time_sec': 0.8357918999972753, 'message_size_bytes': 507600}, {'client_id': 20, 'num_samples': 2912, 'compute_time_sec': 0.5940648000105284, 'message_size_bytes': 507600}, {'client_id': 14, 'num_samples': 10711, 'compute_time_sec': 2.1997580000315793, 'message_size_bytes': 507600}, {'client_id': 18, 'num_samples': 1603, 'compute_time_sec': 0.3359707999625243, 'message_size_bytes': 507600}, {'client_id': 25, 'num_samples': 2314, 'compute_time_sec': 1.134455399995204, 'message_size_bytes': 507600}, {'client_id': 7, 'num_samples': 8486, 'compute_time_sec': 1.7612545999581926, 'message_size_bytes': 507600}, {'client_id': 28, 'num_samples': 1987, 'compute_time_sec': 0.4135502999997698, 'message_size_bytes': 507600}, {'client_id': 26, 'num_samples': 1282, 'compute_time_sec': 0.27559769997606054, 'message_size_bytes': 507600}, {'client_id': 27, 'num_samples': 1115, 'compute_time_sec': 0.2351945000118576, 'message_size_bytes': 507600}, {'client_id': 5, 'num_samples': 5492, 'compute_time_sec': 1.1446492000250146, 'message_size_bytes': 507600}, {'client_id': 16, 'num_samples': 7189, 'compute_time_sec': 1.4954381000134163, 'message_size_bytes': 507600}, {'client_id': 4, 'num_samples': 6278, 'compute_time_sec': 1.2056386999902315, 'message_size_bytes': 507600}, {'client_id': 12, 'num_samples': 11425, 'compute_time_sec': 2.386184200004209, 'message_size_bytes': 507600}, {'client_id': 10, 'num_samples': 1411, 'compute_time_sec': 0.3099112999625504, 'message_size_bytes': 507600}, {'client_id': 15, 'num_samples': 1362, 'compute_time_sec': 0.2749381000176072, 'message_size_bytes': 507600}, {'client_id': 22, 'num_samples': 4801, 'compute_time_sec': 0.948300099989865, 'message_size_bytes': 507600}, {'client_id': 11, 'num_samples': 3841, 'compute_time_sec': 0.7794051999808289, 'message_size_bytes': 507600}, {'client_id': 17, 'num_samples': 7020, 'compute_time_sec': 1.4674191999947652, 'message_size_bytes': 507600}, {'client_id': 9, 'num_samples': 4027, 'compute_time_sec': 0.8236643000273034, 'message_size_bytes': 507600}, {'client_id': 21, 'num_samples': 1746, 'compute_time_sec': 0.36204239999642596, 'message_size_bytes': 507600}]",A,2.386184200004209,30,9,2024,15228000,0.8755995875734075,0.7465501353764055,1784490290.4192624
0.5,"[{'client_id': 10, 'num_samples': 1411, 'compute_time_sec': 0.3211726999725215, 'message_size_bytes': 507600}, {'client_id': 16, 'num_samples': 7189, 'compute_time_sec': 1.4627386999782175, 'message_size_bytes': 507600}, {'client_id': 3, 'num_samples': 3323, 'compute_time_sec': 0.7069461999926716, 'message_size_bytes': 507600}, {'client_id': 15, 'num_samples': 1362, 'compute_time_sec': 0.29836600000271574, 'message_size_bytes': 507600}, {'client_id': 26, 'num_samples': 1282, 'compute_time_sec': 0.2872819000040181, 'message_size_bytes': 507600}, {'client_id': 22, 'num_samples': 4801, 'compute_time_sec': 1.0622059000306763, 'message_size_bytes': 507600}, {'client_id': 5, 'num_samples': 5492, 'compute_time_sec': 1.1716463000047952, 'message_size_bytes': 507600}, {'client_id': 11, 'num_samples': 3841, 'compute_time_sec': 0.7695931000052951, 'message_size_bytes': 507600}, {'client_id': 6, 'num_samples': 204, 'compute_time_sec': 0.05258159997174516, 'message_size_bytes': 507600}, {'client_id': 20, 'num_samples': 2912, 'compute_time_sec': 0.6453414999996312, 'message_size_bytes': 507600}, {'client_id': 28, 'num_samples': 1987, 'compute_time_sec': 0.41275170003063977, 'message_size_bytes': 507600}, {'client_id': 27, 'num_samples': 1115, 'compute_time_sec': 0.2449680000427179, 'message_size_bytes': 507600}, {'client_id': 13, 'num_samples': 5096, 'compute_time_sec': 1.038497000001371, 'message_size_bytes': 507600}, {'client_id': 4, 'num_samples': 6278, 'compute_time_sec': 1.3442420999635942, 'message_size_bytes': 507600}, {'client_id': 24, 'num_samples': 3861, 'compute_time_sec': 0.8034346999484114, 'message_size_bytes': 507600}, {'client_id': 21, 'num_samples': 1746, 'compute_time_sec': 0.39540879998821765, 'message_size_bytes': 507600}, {'client_id': 18, 'num_samples': 1603, 'compute_time_sec': 0.38916590000735596, 'message_size_bytes': 507600}, {'client_id': 19, 'num_samples': 5017, 'compute_time_sec': 1.0469922999618575, 'message_size_bytes': 507600}, {'client_id': 8, 'num_samples': 2046, 'compute_time_sec': 0.4232406999799423, 'message_size_bytes': 507600}, {'client_id': 29, 'num_samples': 5322, 'compute_time_sec': 1.0467053999891505, 'message_size_bytes': 507600}, {'client_id': 9, 'num_samples': 4027, 'compute_time_sec': 1.6282286000205204, 'message_size_bytes': 507600}, {'client_id': 1, 'num_samples': 3565, 'compute_time_sec': 0.7714525000192225, 'message_size_bytes': 507600}, {'client_id': 14, 'num_samples': 10711, 'compute_time_sec': 2.1856264999951236, 'message_size_bytes': 507600}, {'client_id': 17, 'num_samples': 7020, 'compute_time_sec': 1.5984817999997176, 'message_size_bytes': 507600}, {'client_id': 25, 'num_samples': 2314, 'compute_time_sec': 0.613675200031139, 'message_size_bytes': 507600}, {'client_id': 23, 'num_samples': 8367, 'compute_time_sec': 2.11645370000042, 'message_size_bytes': 507600}, {'client_id': 7, 'num_samples': 8486, 'compute_time_sec': 1.79351669998141, 'message_size_bytes': 507600}, {'client_id': 12, 'num_samples': 11425, 'compute_time_sec': 2.401133299979847, 'message_size_bytes': 507600}, {'client_id': 2, 'num_samples': 3219, 'compute_time_sec': 0.7551695000147447, 'message_size_bytes': 507600}, {'client_id': 0, 'num_samples': 1381, 'compute_time_sec': 0.29220510000595823, 'message_size_bytes': 507600}]",A,2.401133299979847,30,10,2024,15228000,0.8788272739498812,0.7540582795066678,1784490319.0344913
0.5,"[{'client_id': 0, 'num_samples': 1381, 'compute_time_sec': 0.2999501000158489, 'message_size_bytes': 507600}, {'client_id': 9, 'num_samples': 4027, 'compute_time_sec': 0.8527655000216328, 'message_size_bytes': 507600}, {'client_id': 18, 'num_samples': 1603, 'compute_time_sec': 0.36095529998419806, 'message_size_bytes': 507600}, {'client_id': 6, 'num_samples': 204, 'compute_time_sec': 0.05289140000240877, 'message_size_bytes': 507600}, {'client_id': 17, 'num_samples': 7020, 'compute_time_sec': 1.4565463999751955, 'message_size_bytes': 507600}, {'client_id': 27, 'num_samples': 1115, 'compute_time_sec': 0.2548945000162348, 'message_size_bytes': 507600}, {'client_id': 15, 'num_samples': 1362, 'compute_time_sec': 0.322600900020916, 'message_size_bytes': 507600}, {'client_id': 8, 'num_samples': 2046, 'compute_time_sec': 0.43893770000431687, 'message_size_bytes': 507600}, {'client_id': 14, 'num_samples': 10711, 'compute_time_sec': 2.4440557999769226, 'message_size_bytes': 507600}, {'client_id': 21, 'num_samples': 1746, 'compute_time_sec': 0.39608830003999174, 'message_size_bytes': 507600}, {'client_id': 23, 'num_samples': 8367, 'compute_time_sec': 1.7710531000047922, 'message_size_bytes': 507600}, {'client_id': 5, 'num_samples': 5492, 'compute_time_sec': 1.1850981000461616, 'message_size_bytes': 507600}, {'client_id': 29, 'num_samples': 5322, 'compute_time_sec': 1.1123147999751382, 'message_size_bytes': 507600}, {'client_id': 2, 'num_samples': 3219, 'compute_time_sec': 0.716913000040222, 'message_size_bytes': 507600}, {'client_id': 3, 'num_samples': 3323, 'compute_time_sec': 0.718241400027182, 'message_size_bytes': 507600}, {'client_id': 13, 'num_samples': 5096, 'compute_time_sec': 1.0827746000140905, 'message_size_bytes': 507600}, {'client_id': 11, 'num_samples': 3841, 'compute_time_sec': 0.7938773999921978, 'message_size_bytes': 507600}, {'client_id': 16, 'num_samples': 7189, 'compute_time_sec': 1.5154471000423655, 'message_size_bytes': 507600}, {'client_id': 12, 'num_samples': 11425, 'compute_time_sec': 3.887802199984435, 'message_size_bytes': 507600}, {'client_id': 26, 'num_samples': 1282, 'compute_time_sec': 0.2979034999734722, 'message_size_bytes': 507600}, {'client_id': 19, 'num_samples': 5017, 'compute_time_sec': 1.1246409000013955, 'message_size_bytes': 507600}, {'client_id': 20, 'num_samples': 2912, 'compute_time_sec': 0.6698345999466255, 'message_size_bytes': 507600}, {'client_id': 1, 'num_samples': 3565, 'compute_time_sec': 0.7742015999974683, 'message_size_bytes': 507600}, {'client_id': 4, 'num_samples': 6278, 'compute_time_sec': 1.35212270001648, 'message_size_bytes': 507600}, {'client_id': 10, 'num_samples': 1411, 'compute_time_sec': 0.32407830003648996, 'message_size_bytes': 507600}, {'client_id': 25, 'num_samples': 2314, 'compute_time_sec': 0.5198337999754585, 'message_size_bytes': 507600}, {'client_id': 7, 'num_samples': 8486, 'compute_time_sec': 1.8247755000484176, 'message_size_bytes': 507600}, {'client_id': 22, 'num_samples': 4801, 'compute_time_sec': 1.027486399980262, 'message_size_bytes': 507600}, {'client_id': 28, 'num_samples': 1987, 'compute_time_sec': 0.4162654000101611, 'message_size_bytes': 507600}, {'client_id': 24, 'num_samples': 3861, 'compute_time_sec': 1.0577789999661036, 'message_size_bytes': 507600}]",A,3.887802199984435,30,11,2024,15228000,0.8762720222351729,0.740600477859004,1784490348.7016683
0.5,"[{'client_id': 18, 'num_samples': 1603, 'compute_time_sec': 3.115070100000594, 'message_size_bytes': 507600}, {'client_id': 3, 'num_samples': 3323, 'compute_time_sec': 1.0411317000398412, 'message_size_bytes': 507600}, {'client_id': 25, 'num_samples': 2314, 'compute_time_sec': 0.535173800017219, 'message_size_bytes': 507600}, {'client_id': 2, 'num_samples': 3219, 'compute_time_sec': 0.7228575000190176, 'message_size_bytes': 507600}, {'client_id': 14, 'num_samples': 10711, 'compute_time_sec': 2.5030631000408903, 'message_size_bytes': 507600}, {'client_id': 11, 'num_samples': 3841, 'compute_time_sec': 0.8705218999530189, 'message_size_bytes': 507600}, {'client_id': 6, 'num_samples': 204, 'compute_time_sec': 0.0492577999830246, 'message_size_bytes': 507600}, {'client_id': 27, 'num_samples': 1115, 'compute_time_sec': 0.18933619995368645, 'message_size_bytes': 507600}, {'client_id': 10, 'num_samples': 1411, 'compute_time_sec': 0.25573110004188493, 'message_size_bytes': 507600}, {'client_id': 4, 'num_samples': 6278, 'compute_time_sec': 1.1567178000113927, 'message_size_bytes': 507600}, {'client_id': 9, 'num_samples': 4027, 'compute_time_sec': 1.0471999000292271, 'message_size_bytes': 507600}, {'client_id': 12, 'num_samples': 11425, 'compute_time_sec': 2.965754200005904, 'message_size_bytes': 507600}, {'client_id': 19, 'num_samples': 5017, 'compute_time_sec': 1.3952687000273727, 'message_size_bytes': 507600}, {'client_id': 13, 'num_samples': 5096, 'compute_time_sec': 1.0719659000169486, 'message_size_bytes': 507600}, {'client_id': 29, 'num_samples': 5322, 'compute_time_sec': 1.2292704999563284, 'message_size_bytes': 507600}, {'client_id': 0, 'num_samples': 1381, 'compute_time_sec': 0.2906725999782793, 'message_size_bytes': 507600}, {'client_id': 24, 'num_samples': 3861, 'compute_time_sec': 0.7762075000209734, 'message_size_bytes': 507600}, {'client_id': 22, 'num_samples': 4801, 'compute_time_sec': 1.0178071000264026, 'message_size_bytes': 507600}, {'client_id': 23, 'num_samples': 8367, 'compute_time_sec': 3.2394753000116907, 'message_size_bytes': 507600}, {'client_id': 20, 'num_samples': 2912, 'compute_time_sec': 0.7483871000004001, 'message_size_bytes': 507600}, {'client_id': 28, 'num_samples': 1987, 'compute_time_sec': 0.8467836999916472, 'message_size_bytes': 507600}, {'client_id': 5, 'num_samples': 5492, 'compute_time_sec': 1.481647000007797, 'message_size_bytes': 507600}, {'client_id': 21, 'num_samples': 1746, 'compute_time_sec': 0.4161125000100583, 'message_size_bytes': 507600}, {'client_id': 7, 'num_samples': 8486, 'compute_time_sec': 2.028645600017626, 'message_size_bytes': 507600}, {'client_id': 16, 'num_samples': 7189, 'compute_time_sec': 1.731392899993807, 'message_size_bytes': 507600}, {'client_id': 1, 'num_samples': 3565, 'compute_time_sec': 0.9702195000136271, 'message_size_bytes': 507600}, {'client_id': 17, 'num_samples': 7020, 'compute_time_sec': 1.6671746000065468, 'message_size_bytes': 507600}, {'client_id': 26, 'num_samples': 1282, 'compute_time_sec': 0.38668420002795756, 'message_size_bytes': 507600}, {'client_id': 15, 'num_samples': 1362, 'compute_time_sec': 0.36736209999071434, 'message_size_bytes': 507600}, {'client_id': 8, 'num_samples': 2046, 'compute_time_sec': 0.5019245999865234, 'message_size_bytes': 507600}]",A,3.2394753000116907,30,12,2024,15228000,0.8775272336038015,0.7538089342100249,1784490383.937453
0.5,"[{'client_id': 9, 'num_samples': 4027, 'compute_time_sec': 0.9861567000043578, 'message_size_bytes': 507600}, {'client_id': 6, 'num_samples': 204, 'compute_time_sec': 0.07192409998970106, 'message_size_bytes': 507600}, {'client_id': 29, 'num_samples': 5322, 'compute_time_sec': 1.280883300001733, 'message_size_bytes': 507600}, {'client_id': 17, 'num_samples': 7020, 'compute_time_sec': 1.6818980000098236, 'message_size_bytes': 507600}, {'client_id': 14, 'num_samples': 10711, 'compute_time_sec': 2.6001010999898426, 'message_size_bytes': 507600}, {'client_id': 13, 'num_samples': 5096, 'compute_time_sec': 1.1526865999912843, 'message_size_bytes': 507600}, {'client_id': 28, 'num_samples': 1987, 'compute_time_sec': 0.4353174999705516, 'message_size_bytes': 507600}, {'client_id': 26, 'num_samples': 1282, 'compute_time_sec': 0.28327919996809214, 'message_size_bytes': 507600}, {'client_id': 20, 'num_samples': 2912, 'compute_time_sec': 0.610583100002259, 'message_size_bytes': 507600}, {'client_id': 11, 'num_samples': 3841, 'compute_time_sec': 0.787845200044103, 'message_size_bytes': 507600}, {'client_id': 1, 'num_samples': 3565, 'compute_time_sec': 0.782186099968385, 'message_size_bytes': 507600}, {'client_id': 19, 'num_samples': 5017, 'compute_time_sec': 1.8588497000164352, 'message_size_bytes': 507600}, {'client_id': 8, 'num_samples': 2046, 'compute_time_sec': 0.4315474999602884, 'message_size_bytes': 507600}, {'client_id': 0, 'num_samples': 1381, 'compute_time_sec': 0.3222562000155449, 'message_size_bytes': 507600}, {'client_id': 16, 'num_samples': 7189, 'compute_time_sec': 1.5763831000076607, 'message_size_bytes': 507600}, {'client_id': 27, 'num_samples': 1115, 'compute_time_sec': 0.23070309998001903, 'message_size_bytes': 507600}, {'client_id': 15, 'num_samples': 1362, 'compute_time_sec': 0.3074967000284232, 'message_size_bytes': 507600}, {'client_id': 18, 'num_samples': 1603, 'compute_time_sec': 0.36309380002785474, 'message_size_bytes': 507600}, {'client_id': 2, 'num_samples': 3219, 'compute_time_sec': 0.7148061000043526, 'message_size_bytes': 507600}, {'client_id': 24, 'num_samples': 3861, 'compute_time_sec': 0.8579921000055037, 'message_size_bytes': 507600}, {'client_id': 7, 'num_samples': 8486, 'compute_time_sec': 1.848290599999018, 'message_size_bytes': 507600}, {'client_id': 23, 'num_samples': 8367, 'compute_time_sec': 1.7964677000418305, 'message_size_bytes': 507600}, {'client_id': 10, 'num_samples': 1411, 'compute_time_sec': 0.32152310002129525, 'message_size_bytes': 507600}, {'client_id': 4, 'num_samples': 6278, 'compute_time_sec': 1.3959701999556273, 'message_size_bytes': 507600}, {'client_id': 12, 'num_samples': 11425, 'compute_time_sec': 2.4819030999788083, 'message_size_bytes': 507600}, {'client_id': 21, 'num_samples': 1746, 'compute_time_sec': 0.37177369999699295, 'message_size_bytes': 507600}, {'client_id': 22, 'num_samples': 4801, 'compute_time_sec': 1.0399802000029013, 'message_size_bytes': 507600}, {'client_id': 5, 'num_samples': 5492, 'compute_time_sec': 1.1706817000522278, 'message_size_bytes': 507600}, {'client_id': 25, 'num_samples': 2314, 'compute_time_sec': 0.5494263999862596, 'message_size_bytes': 507600}, {'client_id': 3, 'num_samples': 3323, 'compute_time_sec': 0.7413746000383981, 'message_size_bytes': 507600}]",A,2.6001010999898426,30,13,2024,15228000,0.8745236921145829,0.732115722073076,1784490413.5748785
0.5,"[{'client_id': 13, 'num_samples': 5096, 'compute_time_sec': 1.1656294999993406, 'message_size_bytes': 507600}, {'client_id': 11, 'num_samples': 3841, 'compute_time_sec': 0.8184003999922425, 'message_size_bytes': 507600}, {'client_id': 12, 'num_samples': 11425, 'compute_time_sec': 2.4725094999885187, 'message_size_bytes': 507600}, {'client_id': 23, 'num_samples': 8367, 'compute_time_sec': 1.8506433000438847, 'message_size_bytes': 507600}, {'client_id': 8, 'num_samples': 2046, 'compute_time_sec': 0.4282518999534659, 'message_size_bytes': 507600}, {'client_id': 6, 'num_samples': 204, 'compute_time_sec': 0.06270030001178384, 'message_size_bytes': 507600}, {'client_id': 16, 'num_samples': 7189, 'compute_time_sec': 1.5745769999921322, 'message_size_bytes': 507600}, {'client_id': 19, 'num_samples': 5017, 'compute_time_sec': 1.1208321999874897, 'message_size_bytes': 507600}, {'client_id': 29, 'num_samples': 5322, 'compute_time_sec': 1.1643355999840423, 'message_size_bytes': 507600}, {'client_id': 21, 'num_samples': 1746, 'compute_time_sec': 0.3677041999762878, 'message_size_bytes': 507600}, {'client_id': 18, 'num_samples': 1603, 'compute_time_sec': 0.38997200003359467, 'message_size_bytes': 507600}, {'client_id': 4, 'num_samples': 6278, 'compute_time_sec': 2.1854628999717534, 'message_size_bytes': 507600}, {'client_id': 7, 'num_samples': 8486, 'compute_time_sec': 1.8162438999861479, 'message_size_bytes': 507600}, {'client_id': 24, 'num_samples': 3861, 'compute_time_sec': 0.8691560000297613, 'message_size_bytes': 507600}, {'client_id': 14, 'num_samples': 10711, 'compute_time_sec': 2.1762039000168443, 'message_size_bytes': 507600}, {'client_id': 5, 'num_samples': 5492, 'compute_time_sec': 1.2781248999526724, 'message_size_bytes': 507600}, {'client_id': 25, 'num_samples': 2314, 'compute_time_sec': 0.5338951000012457, 'message_size_bytes': 507600}, {'client_id': 2, 'num_samples': 3219, 'compute_time_sec': 0.7614521000068635, 'message_size_bytes': 507600}, {'client_id': 17, 'num_samples': 7020, 'compute_time_sec': 1.5383107000379823, 'message_size_bytes': 507600}, {'client_id': 9, 'num_samples': 4027, 'compute_time_sec': 0.8678214999963529, 'message_size_bytes': 507600}, {'client_id': 20, 'num_samples': 2912, 'compute_time_sec': 0.6350203999900259, 'message_size_bytes': 507600}, {'client_id': 10, 'num_samples': 1411, 'compute_time_sec': 0.3384387000114657, 'message_size_bytes': 507600}, {'client_id': 22, 'num_samples': 4801, 'compute_time_sec': 1.0540646000299603, 'message_size_bytes': 507600}, {'client_id': 15, 'num_samples': 1362, 'compute_time_sec': 0.2985822000191547, 'message_size_bytes': 507600}, {'client_id': 1, 'num_samples': 3565, 'compute_time_sec': 0.7837140000192448, 'message_size_bytes': 507600}, {'client_id': 27, 'num_samples': 1115, 'compute_time_sec': 0.2510280000278726, 'message_size_bytes': 507600}, {'client_id': 0, 'num_samples': 1381, 'compute_time_sec': 0.31222530000377446, 'message_size_bytes': 507600}, {'client_id': 28, 'num_samples': 1987, 'compute_time_sec': 0.42624340002657846, 'message_size_bytes': 507600}, {'client_id': 3, 'num_samples': 3323, 'compute_time_sec': 0.7018843999831006, 'message_size_bytes': 507600}, {'client_id': 26, 'num_samples': 1282, 'compute_time_sec': 0.3190333999809809, 'message_size_bytes': 507600}]",A,2.4725094999885187,30,14,2024,15228000,0.8749719818890931,0.7343362712135632,1784490442.7006423
0.5,"[{'client_id': 19, 'num_samples': 5017, 'compute_time_sec': 1.113943200034555, 'message_size_bytes': 507600}, {'client_id': 5, 'num_samples': 5492, 'compute_time_sec': 1.1855585999437608, 'message_size_bytes': 507600}, {'client_id': 22, 'num_samples': 4801, 'compute_time_sec': 1.0593954999931157, 'message_size_bytes': 507600}, {'client_id': 7, 'num_samples': 8486, 'compute_time_sec': 1.8983247000142, 'message_size_bytes': 507600}, {'client_id': 0, 'num_samples': 1381, 'compute_time_sec': 0.31835939997108653, 'message_size_bytes': 507600}, {'client_id': 16, 'num_samples': 7189, 'compute_time_sec': 1.5618932000361383, 'message_size_bytes': 507600}, {'client_id': 25, 'num_samples': 2314, 'compute_time_sec': 0.5065382000175305, 'message_size_bytes': 507600}, {'client_id': 10, 'num_samples': 1411, 'compute_time_sec': 0.32669229997554794, 'message_size_bytes': 507600}, {'client_id': 1, 'num_samples': 3565, 'compute_time_sec': 0.7816930999979377, 'message_size_bytes': 507600}, {'client_id': 9, 'num_samples': 4027, 'compute_time_sec': 0.8919536999892443, 'message_size_bytes': 507600}, {'client_id': 27, 'num_samples': 1115, 'compute_time_sec': 0.25538059999234974, 'message_size_bytes': 507600}, {'client_id': 17, 'num_samples': 7020, 'compute_time_sec': 1.5349551000399515, 'message_size_bytes': 507600}, {'client_id': 6, 'num_samples': 204, 'compute_time_sec': 0.06647899997187778, 'message_size_bytes': 507600}, {'client_id': 21, 'num_samples': 1746, 'compute_time_sec': 0.39696500002173707, 'message_size_bytes': 507600}, {'client_id': 12, 'num_samples': 11425, 'compute_time_sec': 3.152240100025665, 'message_size_bytes': 507600}, {'client_id': 11, 'num_samples': 3841, 'compute_time_sec': 0.8413215999607928, 'message_size_bytes': 507600}, {'client_id': 24, 'num_samples': 3861, 'compute_time_sec': 0.8308042000280693, 'message_size_bytes': 507600}, {'client_id': 14, 'num_samples': 10711, 'compute_time_sec': 2.38705060002394, 'message_size_bytes': 507600}, {'client_id': 23, 'num_samples': 8367, 'compute_time_sec': 1.9018519999808632, 'message_size_bytes': 507600}, {'client_id': 26, 'num_samples': 1282, 'compute_time_sec': 0.29027459997450933, 'message_size_bytes': 507600}, {'client_id': 8, 'num_samples': 2046, 'compute_time_sec': 0.445319099992048, 'message_size_bytes': 507600}, {'client_id': 2, 'num_samples': 3219, 'compute_time_sec': 0.7255320000112988, 'message_size_bytes': 507600}, {'client_id': 29, 'num_samples': 5322, 'compute_time_sec': 1.1275967000401579, 'message_size_bytes': 507600}, {'client_id': 15, 'num_samples': 1362, 'compute_time_sec': 0.3133211999665946, 'message_size_bytes': 507600}, {'client_id': 4, 'num_samples': 6278, 'compute_time_sec': 1.3938017999753356, 'message_size_bytes': 507600}, {'client_id': 13, 'num_samples': 5096, 'compute_time_sec': 1.1026821000268683, 'message_size_bytes': 507600}, {'client_id': 20, 'num_samples': 2912, 'compute_time_sec': 0.6297812999691814, 'message_size_bytes': 507600}, {'client_id': 28, 'num_samples': 1987, 'compute_time_sec': 0.4562601000070572, 'message_size_bytes': 507600}, {'client_id': 18, 'num_samples': 1603, 'compute_time_sec': 0.36156669998308644, 'message_size_bytes': 507600}, {'client_id': 3, 'num_samples': 3323, 'compute_time_sec': 0.7012441999977455, 'message_size_bytes': 507600}]",A,3.152240100025665,30,15,2024,15228000,0.874658179046936,0.7322768943154255,1784490471.8167706
0.5,"[{'client_id': 10, 'num_samples': 1411, 'compute_time_sec': 0.3453936000005342, 'message_size_bytes': 507600}, {'client_id': 19, 'num_samples': 5017, 'compute_time_sec': 1.0860232000122778, 'message_size_bytes': 507600}, {'client_id': 1, 'num_samples': 3565, 'compute_time_sec': 0.7882096000248566, 'message_size_bytes': 507600}, {'client_id': 17, 'num_samples': 7020, 'compute_time_sec': 1.497060399968177, 'message_size_bytes': 507600}, {'client_id': 24, 'num_samples': 3861, 'compute_time_sec': 0.8603179000201635, 'message_size_bytes': 507600}, {'client_id': 6, 'num_samples': 204, 'compute_time_sec': 0.05181749997427687, 'message_size_bytes': 507600}, {'client_id': 8, 'num_samples': 2046, 'compute_time_sec': 0.4458102000062354, 'message_size_bytes': 507600}, {'client_id': 18, 'num_samples': 1603, 'compute_time_sec': 0.3745094999903813, 'message_size_bytes': 507600}, {'client_id': 15, 'num_samples': 1362, 'compute_time_sec': 0.2893558000214398, 'message_size_bytes': 507600}, {'client_id': 29, 'num_samples': 5322, 'compute_time_sec': 1.200611200009007, 'message_size_bytes': 507600}, {'client_id': 12, 'num_samples': 11425, 'compute_time_sec': 2.447091200039722, 'message_size_bytes': 507600}, {'client_id': 14, 'num_samples': 10711, 'compute_time_sec': 2.32210849999683, 'message_size_bytes': 507600}, {'client_id': 3, 'num_samples': 3323, 'compute_time_sec': 0.7115516999620013, 'message_size_bytes': 507600}, {'client_id': 27, 'num_samples': 1115, 'compute_time_sec': 0.2552280999952927, 'message_size_bytes': 507600}, {'client_id': 9, 'num_samples': 4027, 'compute_time_sec': 2.2489924999536015, 'message_size_bytes': 507600}, {'client_id': 22, 'num_samples': 4801, 'compute_time_sec': 1.1483668999862857, 'message_size_bytes': 507600}, {'client_id': 7, 'num_samples': 8486, 'compute_time_sec': 1.8432039999752305, 'message_size_bytes': 507600}, {'client_id': 5, 'num_samples': 5492, 'compute_time_sec': 1.1937232000054792, 'message_size_bytes': 507600}, {'client_id': 16, 'num_samples': 7189, 'compute_time_sec': 1.5689428999903612, 'message_size_bytes': 507600}, {'client_id': 21, 'num_samples': 1746, 'compute_time_sec': 0.3866569999954663, 'message_size_bytes': 507600}, {'client_id': 23, 'num_samples': 8367, 'compute_time_sec': 1.825024499965366, 'message_size_bytes': 507600}, {'client_id': 20, 'num_samples': 2912, 'compute_time_sec': 0.6858498000074178, 'message_size_bytes': 507600}, {'client_id': 4, 'num_samples': 6278, 'compute_time_sec': 1.3661368999746628, 'message_size_bytes': 507600}, {'client_id': 11, 'num_samples': 3841, 'compute_time_sec': 0.8377377999713644, 'message_size_bytes': 507600}, {'client_id': 2, 'num_samples': 3219, 'compute_time_sec': 0.7295402999734506, 'message_size_bytes': 507600}, {'client_id': 26, 'num_samples': 1282, 'compute_time_sec': 0.317776000010781, 'message_size_bytes': 507600}, {'client_id': 13, 'num_samples': 5096, 'compute_time_sec': 1.1165727999759838, 'message_size_bytes': 507600}, {'client_id': 0, 'num_samples': 1381, 'compute_time_sec': 0.31243449996691197, 'message_size_bytes': 507600}, {'client_id': 25, 'num_samples': 2314, 'compute_time_sec': 0.5161623999592848, 'message_size_bytes': 507600}, {'client_id': 28, 'num_samples': 1987, 'compute_time_sec': 0.4659646999789402, 'message_size_bytes': 507600}]",A,2.447091200039722,30,16,2024,15228000,0.8741650602949746,0.7285727029998963,1784490501.6280868
0.5,"[{'client_id': 4, 'num_samples': 6278, 'compute_time_sec': 1.385700499988161, 'message_size_bytes': 507600}, {'client_id': 24, 'num_samples': 3861, 'compute_time_sec': 0.878563700011, 'message_size_bytes': 507600}, {'client_id': 18, 'num_samples': 1603, 'compute_time_sec': 0.37106600002152845, 'message_size_bytes': 507600}, {'client_id': 19, 'num_samples': 5017, 'compute_time_sec': 1.0740756000159308, 'message_size_bytes': 507600}, {'client_id': 27, 'num_samples': 1115, 'compute_time_sec': 0.2762945999857038, 'message_size_bytes': 507600}, {'client_id': 12, 'num_samples': 11425, 'compute_time_sec': 2.4541032999986783, 'message_size_bytes': 507600}, {'client_id': 17, 'num_samples': 7020, 'compute_time_sec': 1.4877456999965943, 'message_size_bytes': 507600}, {'client_id': 15, 'num_samples': 1362, 'compute_time_sec': 0.29245609999634326, 'message_size_bytes': 507600}, {'client_id': 13, 'num_samples': 5096, 'compute_time_sec': 1.1442775999894366, 'message_size_bytes': 507600}, {'client_id': 26, 'num_samples': 1282, 'compute_time_sec': 0.308644600037951, 'message_size_bytes': 507600}, {'client_id': 0, 'num_samples': 1381, 'compute_time_sec': 0.3236292999936268, 'message_size_bytes': 507600}, {'client_id': 16, 'num_samples': 7189, 'compute_time_sec': 1.5634388999897055, 'message_size_bytes': 507600}, {'client_id': 1, 'num_samples': 3565, 'compute_time_sec': 0.7654646000009961, 'message_size_bytes': 507600}, {'client_id': 20, 'num_samples': 2912, 'compute_time_sec': 0.6424780999659561, 'message_size_bytes': 507600}, {'client_id': 2, 'num_samples': 3219, 'compute_time_sec': 1.4527966000023298, 'message_size_bytes': 507600}, {'client_id': 5, 'num_samples': 5492, 'compute_time_sec': 3.8808538999874145, 'message_size_bytes': 507600}, {'client_id': 21, 'num_samples': 1746, 'compute_time_sec': 0.40655970002990216, 'message_size_bytes': 507600}, {'client_id': 6, 'num_samples': 204, 'compute_time_sec': 0.0637109000235796, 'message_size_bytes': 507600}, {'client_id': 3, 'num_samples': 3323, 'compute_time_sec': 0.7370203000027686, 'message_size_bytes': 507600}, {'client_id': 7, 'num_samples': 8486, 'compute_time_sec': 1.8115305000101216, 'message_size_bytes': 507600}, {'client_id': 29, 'num_samples': 5322, 'compute_time_sec': 1.150193399982527, 'message_size_bytes': 507600}, {'client_id': 23, 'num_samples': 8367, 'compute_time_sec': 1.9414369000005536, 'message_size_bytes': 507600}, {'client_id': 10, 'num_samples': 1411, 'compute_time_sec': 0.3598014999879524, 'message_size_bytes': 507600}, {'client_id': 25, 'num_samples': 2314, 'compute_time_sec': 0.5455978999962099, 'message_size_bytes': 507600}, {'client_id': 8, 'num_samples': 2046, 'compute_time_sec': 0.455778100003954, 'message_size_bytes': 507600}, {'client_id': 28, 'num_samples': 1987, 'compute_time_sec': 0.5032228999771178, 'message_size_bytes': 507600}, {'client_id': 14, 'num_samples': 10711, 'compute_time_sec': 2.537204499996733, 'message_size_bytes': 507600}, {'client_id': 22, 'num_samples': 4801, 'compute_time_sec': 1.1529300999827683, 'message_size_bytes': 507600}, {'client_id': 9, 'num_samples': 4027, 'compute_time_sec': 0.8865324999787845, 'message_size_bytes': 507600}, {'client_id': 11, 'num_samples': 3841, 'compute_time_sec': 0.8326858999789692, 'message_size_bytes': 507600}]",A,3.8808538999874145,30,17,2024,15228000,0.8739409154077196,0.7332746575532378,1784490533.920095
0.5,"[{'client_id': 24, 'num_samples': 3861, 'compute_time_sec': 0.8758764000376686, 'message_size_bytes': 507600}, {'client_id': 3, 'num_samples': 3323, 'compute_time_sec': 0.7350208999705501, 'message_size_bytes': 507600}, {'client_id': 26, 'num_samples': 1282, 'compute_time_sec': 0.3074903999804519, 'message_size_bytes': 507600}, {'client_id': 5, 'num_samples': 5492, 'compute_time_sec': 1.2376455999910831, 'message_size_bytes': 507600}, {'client_id': 6, 'num_samples': 204, 'compute_time_sec': 0.05271000001812354, 'message_size_bytes': 507600}, {'client_id': 13, 'num_samples': 5096, 'compute_time_sec': 1.1004920999985188, 'message_size_bytes': 507600}, {'client_id': 15, 'num_samples': 1362, 'compute_time_sec': 0.3110803000163287, 'message_size_bytes': 507600}, {'client_id': 18, 'num_samples': 1603, 'compute_time_sec': 0.3362144000129774, 'message_size_bytes': 507600}, {'client_id': 22, 'num_samples': 4801, 'compute_time_sec': 1.0701215000008233, 'message_size_bytes': 507600}, {'client_id': 2, 'num_samples': 3219, 'compute_time_sec': 0.7110546000185423, 'message_size_bytes': 507600}, {'client_id': 8, 'num_samples': 2046, 'compute_time_sec': 0.4341340000391938, 'message_size_bytes': 507600}, {'client_id': 20, 'num_samples': 2912, 'compute_time_sec': 0.6705403999658301, 'message_size_bytes': 507600}, {'client_id': 28, 'num_samples': 1987, 'compute_time_sec': 0.5350968000129797, 'message_size_bytes': 507600}, {'client_id': 21, 'num_samples': 1746, 'compute_time_sec': 0.4453522000112571, 'message_size_bytes': 507600}, {'client_id': 7, 'num_samples': 8486, 'compute_time_sec': 1.8503141999826767, 'message_size_bytes': 507600}, {'client_id': 1, 'num_samples': 3565, 'compute_time_sec': 1.574613800039515, 'message_size_bytes': 507600}, {'client_id': 17, 'num_samples': 7020, 'compute_time_sec': 1.5530781000270508, 'message_size_bytes': 507600}, {'client_id': 16, 'num_samples': 7189, 'compute_time_sec': 1.5978427999652922, 'message_size_bytes': 507600}, {'client_id': 9, 'num_samples': 4027, 'compute_time_sec': 0.8660866999998689, 'message_size_bytes': 507600}, {'client_id': 25, 'num_samples': 2314, 'compute_time_sec': 0.5747885999735445, 'message_size_bytes': 507600}, {'client_id': 4, 'num_samples': 6278, 'compute_time_sec': 1.3517357000382617, 'message_size_bytes': 507600}, {'client_id': 19, 'num_samples': 5017, 'compute_time_sec': 1.1068728999816813, 'message_size_bytes': 507600}, {'client_id': 23, 'num_samples': 8367, 'compute_time_sec': 1.821041100018192, 'message_size_bytes': 507600}, {'client_id': 29, 'num_samples': 5322, 'compute_time_sec': 1.1952033000416122, 'message_size_bytes': 507600}, {'client_id': 14, 'num_samples': 10711, 'compute_time_sec': 2.3298668999923393, 'message_size_bytes': 507600}, {'client_id': 12, 'num_samples': 11425, 'compute_time_sec': 2.5207818999770097, 'message_size_bytes': 507600}, {'client_id': 27, 'num_samples': 1115, 'compute_time_sec': 0.24518980004359037, 'message_size_bytes': 507600}, {'client_id': 10, 'num_samples': 1411, 'compute_time_sec': 0.322511000034865, 'message_size_bytes': 507600}, {'client_id': 0, 'num_samples': 1381, 'compute_time_sec': 0.30173650005599484, 'message_size_bytes': 507600}, {'client_id': 11, 'num_samples': 3841, 'compute_time_sec': 0.8493157000048086, 'message_size_bytes': 507600}]",A,2.5207818999770097,30,18,2024,15228000,0.8732684807459542,0.7298138999796326,1784490563.33918
0.5,"[{'client_id': 15, 'num_samples': 1362, 'compute_time_sec': 0.3136698000016622, 'message_size_bytes': 507600}, {'client_id': 17, 'num_samples': 7020, 'compute_time_sec': 1.52311239996925, 'message_size_bytes': 507600}, {'client_id': 3, 'num_samples': 3323, 'compute_time_sec': 0.7274566999985836, 'message_size_bytes': 507600}, {'client_id': 20, 'num_samples': 2912, 'compute_time_sec': 0.6329186999937519, 'message_size_bytes': 507600}, {'client_id': 9, 'num_samples': 4027, 'compute_time_sec': 0.9488638999755494, 'message_size_bytes': 507600}, {'client_id': 8, 'num_samples': 2046, 'compute_time_sec': 0.4440385000198148, 'message_size_bytes': 507600}, {'client_id': 1, 'num_samples': 3565, 'compute_time_sec': 0.7724125999957323, 'message_size_bytes': 507600}, {'client_id': 12, 'num_samples': 11425, 'compute_time_sec': 2.4885894999606535, 'message_size_bytes': 507600}, {'client_id': 13, 'num_samples': 5096, 'compute_time_sec': 1.137845000019297, 'message_size_bytes': 507600}, {'client_id': 5, 'num_samples': 5492, 'compute_time_sec': 1.189353299967479, 'message_size_bytes': 507600}, {'client_id': 24, 'num_samples': 3861, 'compute_time_sec': 0.8366060999687761, 'message_size_bytes': 507600}, {'client_id': 6, 'num_samples': 204, 'compute_time_sec': 0.05618949997005984, 'message_size_bytes': 507600}, {'client_id': 23, 'num_samples': 8367, 'compute_time_sec': 2.652611400000751, 'message_size_bytes': 507600}, {'client_id': 29, 'num_samples': 5322, 'compute_time_sec': 1.1589160000439733, 'message_size_bytes': 507600}, {'client_id': 4, 'num_samples': 6278, 'compute_time_sec': 1.365756599989254, 'message_size_bytes': 507600}, {'client_id': 22, 'num_samples': 4801, 'compute_time_sec': 1.0889660000102594, 'message_size_bytes': 507600}, {'client_id': 19, 'num_samples': 5017, 'compute_time_sec': 1.079504299967084, 'message_size_bytes': 507600}, {'client_id': 27, 'num_samples': 1115, 'compute_time_sec': 0.2735332999727689, 'message_size_bytes': 507600}, {'client_id': 10, 'num_samples': 1411, 'compute_time_sec': 0.3132465000380762, 'message_size_bytes': 507600}, {'client_id': 11, 'num_samples': 3841, 'compute_time_sec': 0.8155326999840327, 'message_size_bytes': 507600}, {'client_id': 16, 'num_samples': 7189, 'compute_time_sec': 1.567864799988456, 'message_size_bytes': 507600}, {'client_id': 7, 'num_samples': 8486, 'compute_time_sec': 1.8463225000305101, 'message_size_bytes': 507600}, {'client_id': 18, 'num_samples': 1603, 'compute_time_sec': 0.31754720001481473, 'message_size_bytes': 507600}, {'client_id': 14, 'num_samples': 10711, 'compute_time_sec': 2.328149300010409, 'message_size_bytes': 507600}, {'client_id': 25, 'num_samples': 2314, 'compute_time_sec': 0.5162227000109851, 'message_size_bytes': 507600}, {'client_id': 0, 'num_samples': 1381, 'compute_time_sec': 0.3340604000259191, 'message_size_bytes': 507600}, {'client_id': 26, 'num_samples': 1282, 'compute_time_sec': 0.296631500008516, 'message_size_bytes': 507600}, {'client_id': 21, 'num_samples': 1746, 'compute_time_sec': 0.39519309997558594, 'message_size_bytes': 507600}, {'client_id': 28, 'num_samples': 1987, 'compute_time_sec': 0.42438450001645833, 'message_size_bytes': 507600}, {'client_id': 2, 'num_samples': 3219, 'compute_time_sec': 0.6999423999805003, 'message_size_bytes': 507600}]",A,2.652611400000751,30,19,2024,15228000,0.878603129062626,0.7523481758771513,1784490592.4456182
0.5,"[{'client_id': 25, 'num_samples': 2314, 'compute_time_sec': 0.5286570999887772, 'message_size_bytes': 507600}, {'client_id': 20, 'num_samples': 2912, 'compute_time_sec': 0.6510076999547891, 'message_size_bytes': 507600}, {'client_id': 8, 'num_samples': 2046, 'compute_time_sec': 0.4244310000212863, 'message_size_bytes': 507600}, {'client_id': 16, 'num_samples': 7189, 'compute_time_sec': 1.5948821000056341, 'message_size_bytes': 507600}, {'client_id': 29, 'num_samples': 5322, 'compute_time_sec': 1.1447652999777347, 'message_size_bytes': 507600}, {'client_id': 11, 'num_samples': 3841, 'compute_time_sec': 0.8567399999592453, 'message_size_bytes': 507600}, {'client_id': 27, 'num_samples': 1115, 'compute_time_sec': 0.2582816999638453, 'message_size_bytes': 507600}, {'client_id': 14, 'num_samples': 10711, 'compute_time_sec': 2.3079565000371076, 'message_size_bytes': 507600}, {'client_id': 19, 'num_samples': 5017, 'compute_time_sec': 1.1056118999840692, 'message_size_bytes': 507600}, {'client_id': 17, 'num_samples': 7020, 'compute_time_sec': 1.535222899983637, 'message_size_bytes': 507600}, {'client_id': 10, 'num_samples': 1411, 'compute_time_sec': 0.34578690002672374, 'message_size_bytes': 507600}, {'client_id': 18, 'num_samples': 1603, 'compute_time_sec': 0.5196177999605425, 'message_size_bytes': 507600}, {'client_id': 28, 'num_samples': 1987, 'compute_time_sec': 0.4435446999850683, 'message_size_bytes': 507600}, {'client_id': 22, 'num_samples': 4801, 'compute_time_sec': 1.8261972999898717, 'message_size_bytes': 507600}, {'client_id': 1, 'num_samples': 3565, 'compute_time_sec': 0.9608912999974564, 'message_size_bytes': 507600}, {'client_id': 13, 'num_samples': 5096, 'compute_time_sec': 1.2535310999955982, 'message_size_bytes': 507600}, {'client_id': 7, 'num_samples': 8486, 'compute_time_sec': 1.8734436000231653, 'message_size_bytes': 507600}, {'client_id': 3, 'num_samples': 3323, 'compute_time_sec': 0.750972300011199, 'message_size_bytes': 507600}, {'client_id': 2, 'num_samples': 3219, 'compute_time_sec': 0.7062213999452069, 'message_size_bytes': 507600}, {'client_id': 23, 'num_samples': 8367, 'compute_time_sec': 1.8096003999817185, 'message_size_bytes': 507600}, {'client_id': 12, 'num_samples': 11425, 'compute_time_sec': 2.4740790000068955, 'message_size_bytes': 507600}, {'client_id': 5, 'num_samples': 5492, 'compute_time_sec': 1.170910399989225, 'message_size_bytes': 507600}, {'client_id': 9, 'num_samples': 4027, 'compute_time_sec': 0.907872200012207, 'message_size_bytes': 507600}, {'client_id': 21, 'num_samples': 1746, 'compute_time_sec': 0.3803952999878675, 'message_size_bytes': 507600}, {'client_id': 26, 'num_samples': 1282, 'compute_time_sec': 0.2889930999954231, 'message_size_bytes': 507600}, {'client_id': 0, 'num_samples': 1381, 'compute_time_sec': 0.3154163000290282, 'message_size_bytes': 507600}, {'client_id': 15, 'num_samples': 1362, 'compute_time_sec': 0.28632449998985976, 'message_size_bytes': 507600}, {'client_id': 6, 'num_samples': 204, 'compute_time_sec': 0.05921720003243536, 'message_size_bytes': 507600}, {'client_id': 24, 'num_samples': 3861, 'compute_time_sec': 0.8520744000561535, 'message_size_bytes': 507600}, {'client_id': 4, 'num_samples': 6278, 'compute_time_sec': 1.3655781000270508, 'message_size_bytes': 507600}]",A,2.4740790000068955,30,20,2024,15228000,0.8779306944008607,0.748239706922186,1784490622.0389507
0.5,"[{'client_id': 10, 'num_samples': 1411, 'compute_time_sec': 0.320864699955564, 'message_size_bytes': 507600}, {'client_id': 29, 'num_samples': 5322, 'compute_time_sec': 1.2367579999845475, 'message_size_bytes': 507600}, {'client_id': 17, 'num_samples': 7020, 'compute_time_sec': 1.5098063999903388, 'message_size_bytes': 507600}, {'client_id': 0, 'num_samples': 1381, 'compute_time_sec': 0.3059536999789998, 'message_size_bytes': 507600}, {'client_id': 14, 'num_samples': 10711, 'compute_time_sec': 2.330712200026028, 'message_size_bytes': 507600}, {'client_id': 19, 'num_samples': 5017, 'compute_time_sec': 1.0851894000079483, 'message_size_bytes': 507600}, {'client_id': 6, 'num_samples': 204, 'compute_time_sec': 0.055501700029708445, 'message_size_bytes': 507600}, {'client_id': 12, 'num_samples': 11425, 'compute_time_sec': 2.492706499993801, 'message_size_bytes': 507600}, {'client_id': 22, 'num_samples': 4801, 'compute_time_sec': 1.0724836000008509, 'message_size_bytes': 507600}, {'client_id': 15, 'num_samples': 1362, 'compute_time_sec': 0.2718089999980293, 'message_size_bytes': 507600}, {'client_id': 27, 'num_samples': 1115, 'compute_time_sec': 0.26445680001052096, 'message_size_bytes': 507600}, {'client_id': 28, 'num_samples': 1987, 'compute_time_sec': 0.4333565999986604, 'message_size_bytes': 507600}, {'client_id': 8, 'num_samples': 2046, 'compute_time_sec': 0.46131129999412224, 'message_size_bytes': 507600}, {'client_id': 26, 'num_samples': 1282, 'compute_time_sec': 0.2816575999604538, 'message_size_bytes': 507600}, {'client_id': 3, 'num_samples': 3323, 'compute_time_sec': 0.7298033999977633, 'message_size_bytes': 507600}, {'client_id': 1, 'num_samples': 3565, 'compute_time_sec': 1.420987299992703, 'message_size_bytes': 507600}, {'client_id': 25, 'num_samples': 2314, 'compute_time_sec': 0.5375308999791741, 'message_size_bytes': 507600}, {'client_id': 24, 'num_samples': 3861, 'compute_time_sec': 0.8564524999819696, 'message_size_bytes': 507600}, {'client_id': 20, 'num_samples': 2912, 'compute_time_sec': 0.6316864999826066, 'message_size_bytes': 507600}, {'client_id': 11, 'num_samples': 3841, 'compute_time_sec': 0.8492401000112295, 'message_size_bytes': 507600}, {'client_id': 21, 'num_samples': 1746, 'compute_time_sec': 0.39346270001260564, 'message_size_bytes': 507600}, {'client_id': 23, 'num_samples': 8367, 'compute_time_sec': 1.8301337999873795, 'message_size_bytes': 507600}, {'client_id': 5, 'num_samples': 5492, 'compute_time_sec': 1.182298899977468, 'message_size_bytes': 507600}, {'client_id': 9, 'num_samples': 4027, 'compute_time_sec': 0.9276610999950208, 'message_size_bytes': 507600}, {'client_id': 18, 'num_samples': 1603, 'compute_time_sec': 0.3434696000185795, 'message_size_bytes': 507600}, {'client_id': 4, 'num_samples': 6278, 'compute_time_sec': 1.3729440000024624, 'message_size_bytes': 507600}, {'client_id': 16, 'num_samples': 7189, 'compute_time_sec': 1.5770414000144228, 'message_size_bytes': 507600}, {'client_id': 7, 'num_samples': 8486, 'compute_time_sec': 1.8976075999671593, 'message_size_bytes': 507600}, {'client_id': 13, 'num_samples': 5096, 'compute_time_sec': 1.0828771999804303, 'message_size_bytes': 507600}, {'client_id': 2, 'num_samples': 3219, 'compute_time_sec': 0.7097581999842077, 'message_size_bytes': 507600}]",A,2.492706499993801,30,21,2024,15228000,0.8786479580400771,0.7561673859887784,1784490651.087097
0.5,"[{'client_id': 25, 'num_samples': 2314, 'compute_time_sec': 0.491816200024914, 'message_size_bytes': 507600}, {'client_id': 29, 'num_samples': 5322, 'compute_time_sec': 1.1835873000090942, 'message_size_bytes': 507600}, {'client_id': 1, 'num_samples': 3565, 'compute_time_sec': 0.7733893999829888, 'message_size_bytes': 507600}, {'client_id': 4, 'num_samples': 6278, 'compute_time_sec': 1.379730400047265, 'message_size_bytes': 507600}, {'client_id': 6, 'num_samples': 204, 'compute_time_sec': 0.05059570004232228, 'message_size_bytes': 507600}, {'client_id': 18, 'num_samples': 1603, 'compute_time_sec': 0.39092159998835996, 'message_size_bytes': 507600}, {'client_id': 0, 'num_samples': 1381, 'compute_time_sec': 0.31343669997295365, 'message_size_bytes': 507600}, {'client_id': 26, 'num_samples': 1282, 'compute_time_sec': 0.2752111000008881, 'message_size_bytes': 507600}, {'client_id': 13, 'num_samples': 5096, 'compute_time_sec': 1.130573500005994, 'message_size_bytes': 507600}, {'client_id': 5, 'num_samples': 5492, 'compute_time_sec': 1.1940275999950245, 'message_size_bytes': 507600}, {'client_id': 24, 'num_samples': 3861, 'compute_time_sec': 0.8573119000066072, 'message_size_bytes': 507600}, {'client_id': 16, 'num_samples': 7189, 'compute_time_sec': 1.5737317000166513, 'message_size_bytes': 507600}, {'client_id': 2, 'num_samples': 3219, 'compute_time_sec': 0.7049390000174753, 'message_size_bytes': 507600}, {'client_id': 23, 'num_samples': 8367, 'compute_time_sec': 1.857678100001067, 'message_size_bytes': 507600}, {'client_id': 22, 'num_samples': 4801, 'compute_time_sec': 1.0515305000008084, 'message_size_bytes': 507600}, {'client_id': 10, 'num_samples': 1411, 'compute_time_sec': 0.3096961000119336, 'message_size_bytes': 507600}, {'client_id': 7, 'num_samples': 8486, 'compute_time_sec': 3.2978996000019833, 'message_size_bytes': 507600}, {'client_id': 21, 'num_samples': 1746, 'compute_time_sec': 0.3879321999847889, 'message_size_bytes': 507600}, {'client_id': 14, 'num_samples': 10711, 'compute_time_sec': 2.3137113000266254, 'message_size_bytes': 507600}, {'client_id': 11, 'num_samples': 3841, 'compute_time_sec': 0.8491270000231452, 'message_size_bytes': 507600}, {'client_id': 8, 'num_samples': 2046, 'compute_time_sec': 0.44182879995787516, 'message_size_bytes': 507600}, {'client_id': 12, 'num_samples': 11425, 'compute_time_sec': 2.4309742999612354, 'message_size_bytes': 507600}, {'client_id': 15, 'num_samples': 1362, 'compute_time_sec': 0.31331640004646033, 'message_size_bytes': 507600}, {'client_id': 17, 'num_samples': 7020, 'compute_time_sec': 1.5332819999894127, 'message_size_bytes': 507600}, {'client_id': 19, 'num_samples': 5017, 'compute_time_sec': 1.0705150999710895, 'message_size_bytes': 507600}, {'client_id': 20, 'num_samples': 2912, 'compute_time_sec': 0.6388992000138387, 'message_size_bytes': 507600}, {'client_id': 27, 'num_samples': 1115, 'compute_time_sec': 0.2355667999945581, 'message_size_bytes': 507600}, {'client_id': 3, 'num_samples': 3323, 'compute_time_sec': 0.7067880999529734, 'message_size_bytes': 507600}, {'client_id': 28, 'num_samples': 1987, 'compute_time_sec': 0.4558427999727428, 'message_size_bytes': 507600}, {'client_id': 9, 'num_samples': 4027, 'compute_time_sec': 0.873986300022807, 'message_size_bytes': 507600}]",A,3.2978996000019833,30,22,2024,15228000,0.8792307347469405,0.7514953662709305,1784490680.7766368
0.5,"[{'client_id': 14, 'num_samples': 10711, 'compute_time_sec': 2.317308400000911, 'message_size_bytes': 507600}, {'client_id': 9, 'num_samples': 4027, 'compute_time_sec': 0.8882917999872006, 'message_size_bytes': 507600}, {'client_id': 1, 'num_samples': 3565, 'compute_time_sec': 0.7739799999981187, 'message_size_bytes': 507600}, {'client_id': 24, 'num_samples': 3861, 'compute_time_sec': 0.8197928000008687, 'message_size_bytes': 507600}, {'client_id': 18, 'num_samples': 1603, 'compute_time_sec': 0.35589929996058345, 'message_size_bytes': 507600}, {'client_id': 20, 'num_samples': 2912, 'compute_time_sec': 0.6210004000458866, 'message_size_bytes': 507600}, {'client_id': 19, 'num_samples': 5017, 'compute_time_sec': 1.1782859999802895, 'message_size_bytes': 507600}, {'client_id': 25, 'num_samples': 2314, 'compute_time_sec': 0.5176773999701254, 'message_size_bytes': 507600}, {'client_id': 3, 'num_samples': 3323, 'compute_time_sec': 0.709022700029891, 'message_size_bytes': 507600}, {'client_id': 22, 'num_samples': 4801, 'compute_time_sec': 1.040568099997472, 'message_size_bytes': 507600}, {'client_id': 12, 'num_samples': 11425, 'compute_time_sec': 2.4375815999810584, 'message_size_bytes': 507600}, {'client_id': 16, 'num_samples': 7189, 'compute_time_sec': 1.5684678999823518, 'message_size_bytes': 507600}, {'client_id': 5, 'num_samples': 5492, 'compute_time_sec': 1.2329416999709792, 'message_size_bytes': 507600}, {'client_id': 6, 'num_samples': 204, 'compute_time_sec': 0.05863750004209578, 'message_size_bytes': 507600}, {'client_id': 7, 'num_samples': 8486, 'compute_time_sec': 3.4619935999508016, 'message_size_bytes': 507600}, {'client_id': 15, 'num_samples': 1362, 'compute_time_sec': 0.2875235000392422, 'message_size_bytes': 507600}, {'client_id': 21, 'num_samples': 1746, 'compute_time_sec': 0.4127612999873236, 'message_size_bytes': 507600}, {'client_id': 2, 'num_samples': 3219, 'compute_time_sec': 0.7012412999756634, 'message_size_bytes': 507600}, {'client_id': 4, 'num_samples': 6278, 'compute_time_sec': 1.3920889000291936, 'message_size_bytes': 507600}, {'client_id': 11, 'num_samples': 3841, 'compute_time_sec': 0.8256779999937862, 'message_size_bytes': 507600}, {'client_id': 27, 'num_samples': 1115, 'compute_time_sec': 0.23597600002540275, 'message_size_bytes': 507600}, {'client_id': 17, 'num_samples': 7020, 'compute_time_sec': 1.5373282000073232, 'message_size_bytes': 507600}, {'client_id': 8, 'num_samples': 2046, 'compute_time_sec': 0.46482579997973517, 'message_size_bytes': 507600}, {'client_id': 13, 'num_samples': 5096, 'compute_time_sec': 1.0822314999531955, 'message_size_bytes': 507600}, {'client_id': 10, 'num_samples': 1411, 'compute_time_sec': 0.31472610001219437, 'message_size_bytes': 507600}, {'client_id': 23, 'num_samples': 8367, 'compute_time_sec': 1.8255832000286318, 'message_size_bytes': 507600}, {'client_id': 0, 'num_samples': 1381, 'compute_time_sec': 0.31856909999623895, 'message_size_bytes': 507600}, {'client_id': 26, 'num_samples': 1282, 'compute_time_sec': 0.28448590001789853, 'message_size_bytes': 507600}, {'client_id': 29, 'num_samples': 5322, 'compute_time_sec': 1.1431555000017397, 'message_size_bytes': 507600}, {'client_id': 28, 'num_samples': 1987, 'compute_time_sec': 0.43294850003439933, 'message_size_bytes': 507600}]",A,3.4619935999508016,30,23,2024,15228000,0.8825032501008652,0.7643716967471776,1784490710.605458
0.5,"[{'client_id': 24, 'num_samples': 3861, 'compute_time_sec': 0.857841000019107, 'message_size_bytes': 507600}, {'client_id': 8, 'num_samples': 2046, 'compute_time_sec': 0.42982120002852753, 'message_size_bytes': 507600}, {'client_id': 3, 'num_samples': 3323, 'compute_time_sec': 0.7152759999735281, 'message_size_bytes': 507600}, {'client_id': 10, 'num_samples': 1411, 'compute_time_sec': 0.33864629996242, 'message_size_bytes': 507600}, {'client_id': 0, 'num_samples': 1381, 'compute_time_sec': 0.3104839000152424, 'message_size_bytes': 507600}, {'client_id': 2, 'num_samples': 3219, 'compute_time_sec': 0.7350314999930561, 'message_size_bytes': 507600}, {'client_id': 5, 'num_samples': 5492, 'compute_time_sec': 1.2144473000080325, 'message_size_bytes': 507600}, {'client_id': 22, 'num_samples': 4801, 'compute_time_sec': 1.0229139000293799, 'message_size_bytes': 507600}, {'client_id': 29, 'num_samples': 5322, 'compute_time_sec': 1.1936441999860108, 'message_size_bytes': 507600}, {'client_id': 13, 'num_samples': 5096, 'compute_time_sec': 1.079780199972447, 'message_size_bytes': 507600}, {'client_id': 14, 'num_samples': 10711, 'compute_time_sec': 2.316986000048928, 'message_size_bytes': 507600}, {'client_id': 23, 'num_samples': 8367, 'compute_time_sec': 1.9215952000231482, 'message_size_bytes': 507600}, {'client_id': 12, 'num_samples': 11425, 'compute_time_sec': 2.4508654000237584, 'message_size_bytes': 507600}, {'client_id': 7, 'num_samples': 8486, 'compute_time_sec': 2.573944700008724, 'message_size_bytes': 507600}, {'client_id': 26, 'num_samples': 1282, 'compute_time_sec': 0.2926787000033073, 'message_size_bytes': 507600}, {'client_id': 28, 'num_samples': 1987, 'compute_time_sec': 0.45668549998663366, 'message_size_bytes': 507600}, {'client_id': 11, 'num_samples': 3841, 'compute_time_sec': 0.8389872999978252, 'message_size_bytes': 507600}, {'client_id': 27, 'num_samples': 1115, 'compute_time_sec': 0.23639299999922514, 'message_size_bytes': 507600}, {'client_id': 20, 'num_samples': 2912, 'compute_time_sec': 0.6320282000233419, 'message_size_bytes': 507600}, {'client_id': 6, 'num_samples': 204, 'compute_time_sec': 0.04901139996945858, 'message_size_bytes': 507600}, {'client_id': 21, 'num_samples': 1746, 'compute_time_sec': 0.39719490002607927, 'message_size_bytes': 507600}, {'client_id': 18, 'num_samples': 1603, 'compute_time_sec': 0.3490521999774501, 'message_size_bytes': 507600}, {'client_id': 15, 'num_samples': 1362, 'compute_time_sec': 0.31549200002336875, 'message_size_bytes': 507600}, {'client_id': 4, 'num_samples': 6278, 'compute_time_sec': 1.3610547000425868, 'message_size_bytes': 507600}, {'client_id': 1, 'num_samples': 3565, 'compute_time_sec': 0.8144518000190146, 'message_size_bytes': 507600}, {'client_id': 25, 'num_samples': 2314, 'compute_time_sec': 0.4997688000439666, 'message_size_bytes': 507600}, {'client_id': 16, 'num_samples': 7189, 'compute_time_sec': 1.545150600024499, 'message_size_bytes': 507600}, {'client_id': 9, 'num_samples': 4027, 'compute_time_sec': 0.8880383999785408, 'message_size_bytes': 507600}, {'client_id': 19, 'num_samples': 5017, 'compute_time_sec': 1.1114173000096343, 'message_size_bytes': 507600}, {'client_id': 17, 'num_samples': 7020, 'compute_time_sec': 1.5117394999833778, 'message_size_bytes': 507600}]",A,2.573944700008724,30,24,2024,15228000,0.8819204733940019,0.7661400101827571,1784490739.6186812
0.5,"[{'client_id': 9, 'num_samples': 4027, 'compute_time_sec': 1.520382199960295, 'message_size_bytes': 507600}, {'client_id': 25, 'num_samples': 2314, 'compute_time_sec': 1.0845255000167526, 'message_size_bytes': 507600}, {'client_id': 12, 'num_samples': 11425, 'compute_time_sec': 2.5273568000411615, 'message_size_bytes': 507600}, {'client_id': 7, 'num_samples': 8486, 'compute_time_sec': 1.8721095999935642, 'message_size_bytes': 507600}, {'client_id': 24, 'num_samples': 3861, 'compute_time_sec': 0.8669946999871172, 'message_size_bytes': 507600}, {'client_id': 2, 'num_samples': 3219, 'compute_time_sec': 0.7160972999990918, 'message_size_bytes': 507600}, {'client_id': 3, 'num_samples': 3323, 'compute_time_sec': 0.720421600039117, 'message_size_bytes': 507600}, {'client_id': 22, 'num_samples': 4801, 'compute_time_sec': 1.0747483000159264, 'message_size_bytes': 507600}, {'client_id': 10, 'num_samples': 1411, 'compute_time_sec': 0.3315238999784924, 'message_size_bytes': 507600}, {'client_id': 8, 'num_samples': 2046, 'compute_time_sec': 0.45181569998385385, 'message_size_bytes': 507600}, {'client_id': 19, 'num_samples': 5017, 'compute_time_sec': 1.1732801000471227, 'message_size_bytes': 507600}, {'client_id': 26, 'num_samples': 1282, 'compute_time_sec': 0.2960501000052318, 'message_size_bytes': 507600}, {'client_id': 23, 'num_samples': 8367, 'compute_time_sec': 1.7993890999932773, 'message_size_bytes': 507600}, {'client_id': 11, 'num_samples': 3841, 'compute_time_sec': 0.8296810000319965, 'message_size_bytes': 507600}, {'client_id': 20, 'num_samples': 2912, 'compute_time_sec': 0.6403256999910809, 'message_size_bytes': 507600}, {'client_id': 28, 'num_samples': 1987, 'compute_time_sec': 0.4499414999736473, 'message_size_bytes': 507600}, {'client_id': 13, 'num_samples': 5096, 'compute_time_sec': 1.1084888000041246, 'message_size_bytes': 507600}, {'client_id': 17, 'num_samples': 7020, 'compute_time_sec': 1.5540624000132084, 'message_size_bytes': 507600}, {'client_id': 27, 'num_samples': 1115, 'compute_time_sec': 0.2617716999957338, 'message_size_bytes': 507600}, {'client_id': 15, 'num_samples': 1362, 'compute_time_sec': 0.2998154000379145, 'message_size_bytes': 507600}, {'client_id': 16, 'num_samples': 7189, 'compute_time_sec': 1.571967499970924, 'message_size_bytes': 507600}, {'client_id': 29, 'num_samples': 5322, 'compute_time_sec': 1.1755303000099957, 'message_size_bytes': 507600}, {'client_id': 1, 'num_samples': 3565, 'compute_time_sec': 0.7551195999840274, 'message_size_bytes': 507600}, {'client_id': 0, 'num_samples': 1381, 'compute_time_sec': 0.3073642999515869, 'message_size_bytes': 507600}, {'client_id': 6, 'num_samples': 204, 'compute_time_sec': 0.053618700010702014, 'message_size_bytes': 507600}, {'client_id': 21, 'num_samples': 1746, 'compute_time_sec': 0.420599700009916, 'message_size_bytes': 507600}, {'client_id': 18, 'num_samples': 1603, 'compute_time_sec': 0.32802700001047924, 'message_size_bytes': 507600}, {'client_id': 5, 'num_samples': 5492, 'compute_time_sec': 1.201913099968806, 'message_size_bytes': 507600}, {'client_id': 14, 'num_samples': 10711, 'compute_time_sec': 2.329370599996764, 'message_size_bytes': 507600}, {'client_id': 4, 'num_samples': 6278, 'compute_time_sec': 1.3903196000028402, 'message_size_bytes': 507600}]",A,2.5273568000411615,30,25,2024,15228000,0.8799928273636078,0.7590916746106876,1784490769.292963
0.5,"[{'client_id': 4, 'num_samples': 6278, 'compute_time_sec': 2.0252018000464886, 'message_size_bytes': 507600}, {'client_id': 22, 'num_samples': 4801, 'compute_time_sec': 1.196213599992916, 'message_size_bytes': 507600}, {'client_id': 17, 'num_samples': 7020, 'compute_time_sec': 1.5641632999759167, 'message_size_bytes': 507600}, {'client_id': 0, 'num_samples': 1381, 'compute_time_sec': 0.3167589000076987, 'message_size_bytes': 507600}, {'client_id': 29, 'num_samples': 5322, 'compute_time_sec': 1.1937870999681763, 'message_size_bytes': 507600}, {'client_id': 28, 'num_samples': 1987, 'compute_time_sec': 0.4248033000039868, 'message_size_bytes': 507600}, {'client_id': 16, 'num_samples': 7189, 'compute_time_sec': 1.5692006000317633, 'message_size_bytes': 507600}, {'client_id': 26, 'num_samples': 1282, 'compute_time_sec': 0.30631269997684285, 'message_size_bytes': 507600}, {'client_id': 9, 'num_samples': 4027, 'compute_time_sec': 0.871958400006406, 'message_size_bytes': 507600}, {'client_id': 12, 'num_samples': 11425, 'compute_time_sec': 2.424548599985428, 'message_size_bytes': 507600}, {'client_id': 7, 'num_samples': 8486, 'compute_time_sec': 1.8555445999954827, 'message_size_bytes': 507600}, {'client_id': 13, 'num_samples': 5096, 'compute_time_sec': 1.088658900000155, 'message_size_bytes': 507600}, {'client_id': 23, 'num_samples': 8367, 'compute_time_sec': 1.8515470999991521, 'message_size_bytes': 507600}, {'client_id': 27, 'num_samples': 1115, 'compute_time_sec': 0.2384963000076823, 'message_size_bytes': 507600}, {'client_id': 14, 'num_samples': 10711, 'compute_time_sec': 2.2886346000013873, 'message_size_bytes': 507600}, {'client_id': 6, 'num_samples': 204, 'compute_time_sec': 0.04844549996778369, 'message_size_bytes': 507600}, {'client_id': 25, 'num_samples': 2314, 'compute_time_sec': 0.5426443999749608, 'message_size_bytes': 507600}, {'client_id': 10, 'num_samples': 1411, 'compute_time_sec': 0.3159690999891609, 'message_size_bytes': 507600}, {'client_id': 11, 'num_samples': 3841, 'compute_time_sec': 0.8213893999927677, 'message_size_bytes': 507600}, {'client_id': 18, 'num_samples': 1603, 'compute_time_sec': 0.3466045999666676, 'message_size_bytes': 507600}, {'client_id': 19, 'num_samples': 5017, 'compute_time_sec': 1.1102358000352979, 'message_size_bytes': 507600}, {'client_id': 5, 'num_samples': 5492, 'compute_time_sec': 1.1669884999864735, 'message_size_bytes': 507600}, {'client_id': 8, 'num_samples': 2046, 'compute_time_sec': 0.45256599999265745, 'message_size_bytes': 507600}, {'client_id': 24, 'num_samples': 3861, 'compute_time_sec': 0.8549544000416063, 'message_size_bytes': 507600}, {'client_id': 15, 'num_samples': 1362, 'compute_time_sec': 0.2971986000193283, 'message_size_bytes': 507600}, {'client_id': 1, 'num_samples': 3565, 'compute_time_sec': 0.7821122000459582, 'message_size_bytes': 507600}, {'client_id': 21, 'num_samples': 1746, 'compute_time_sec': 0.3988177999854088, 'message_size_bytes': 507600}, {'client_id': 2, 'num_samples': 3219, 'compute_time_sec': 0.7153888000175357, 'message_size_bytes': 507600}, {'client_id': 20, 'num_samples': 2912, 'compute_time_sec': 0.6511762999580242, 'message_size_bytes': 507600}, {'client_id': 3, 'num_samples': 3323, 'compute_time_sec': 0.7302520999801345, 'message_size_bytes': 507600}]",A,2.424548599985428,30,26,2024,15228000,0.8808445779351773,0.7580127385031643,1784490798.3192148
0.5,"[{'client_id': 4, 'num_samples': 6278, 'compute_time_sec': 1.3907247000024654, 'message_size_bytes': 507600}, {'client_id': 29, 'num_samples': 5322, 'compute_time_sec': 1.748731300001964, 'message_size_bytes': 507600}, {'client_id': 26, 'num_samples': 1282, 'compute_time_sec': 0.34897150000324473, 'message_size_bytes': 507600}, {'client_id': 0, 'num_samples': 1381, 'compute_time_sec': 0.2991602999973111, 'message_size_bytes': 507600}, {'client_id': 6, 'num_samples': 204, 'compute_time_sec': 0.05921199999283999, 'message_size_bytes': 507600}, {'client_id': 9, 'num_samples': 4027, 'compute_time_sec': 0.9164218999794684, 'message_size_bytes': 507600}, {'client_id': 13, 'num_samples': 5096, 'compute_time_sec': 1.1047157000284642, 'message_size_bytes': 507600}, {'client_id': 23, 'num_samples': 8367, 'compute_time_sec': 1.8129287000047043, 'message_size_bytes': 507600}, {'client_id': 20, 'num_samples': 2912, 'compute_time_sec': 0.6216273999889381, 'message_size_bytes': 507600}, {'client_id': 19, 'num_samples': 5017, 'compute_time_sec': 1.1289113000384532, 'message_size_bytes': 507600}, {'client_id': 10, 'num_samples': 1411, 'compute_time_sec': 0.3033055999549106, 'message_size_bytes': 507600}, {'client_id': 27, 'num_samples': 1115, 'compute_time_sec': 0.26135960000101477, 'message_size_bytes': 507600}, {'client_id': 3, 'num_samples': 3323, 'compute_time_sec': 0.7101289000129327, 'message_size_bytes': 507600}, {'client_id': 15, 'num_samples': 1362, 'compute_time_sec': 0.3065604000003077, 'message_size_bytes': 507600}, {'client_id': 21, 'num_samples': 1746, 'compute_time_sec': 0.3986303999554366, 'message_size_bytes': 507600}, {'client_id': 2, 'num_samples': 3219, 'compute_time_sec': 0.7085311999544501, 'message_size_bytes': 507600}, {'client_id': 11, 'num_samples': 3841, 'compute_time_sec': 0.8511371000204235, 'message_size_bytes': 507600}, {'client_id': 25, 'num_samples': 2314, 'compute_time_sec': 0.5373829000163823, 'message_size_bytes': 507600}, {'client_id': 16, 'num_samples': 7189, 'compute_time_sec': 1.5885153000126593, 'message_size_bytes': 507600}, {'client_id': 24, 'num_samples': 3861, 'compute_time_sec': 0.8338347999961115, 'message_size_bytes': 507600}, {'client_id': 12, 'num_samples': 11425, 'compute_time_sec': 2.4380143000162207, 'message_size_bytes': 507600}, {'client_id': 17, 'num_samples': 7020, 'compute_time_sec': 1.5211099000298418, 'message_size_bytes': 507600}, {'client_id': 18, 'num_samples': 1603, 'compute_time_sec': 0.36452960001770407, 'message_size_bytes': 507600}, {'client_id': 14, 'num_samples': 10711, 'compute_time_sec': 2.3806895000161603, 'message_size_bytes': 507600}, {'client_id': 8, 'num_samples': 2046, 'compute_time_sec': 0.4175754000316374, 'message_size_bytes': 507600}, {'client_id': 1, 'num_samples': 3565, 'compute_time_sec': 0.7690922999754548, 'message_size_bytes': 507600}, {'client_id': 5, 'num_samples': 5492, 'compute_time_sec': 1.2146201999858022, 'message_size_bytes': 507600}, {'client_id': 28, 'num_samples': 1987, 'compute_time_sec': 0.45885870000347495, 'message_size_bytes': 507600}, {'client_id': 22, 'num_samples': 4801, 'compute_time_sec': 1.0509379000286572, 'message_size_bytes': 507600}, {'client_id': 7, 'num_samples': 8486, 'compute_time_sec': 1.842240199970547, 'message_size_bytes': 507600}]",A,2.4380143000162207,30,27,2024,15228000,0.8780651813332138,0.7516731059056715,1784490827.2909741
0.5,"[{'client_id': 8, 'num_samples': 2046, 'compute_time_sec': 0.4367738000000827, 'message_size_bytes': 507600}, {'client_id': 10, 'num_samples': 1411, 'compute_time_sec': 0.3457469000131823, 'message_size_bytes': 507600}, {'client_id': 23, 'num_samples': 8367, 'compute_time_sec': 1.8121216000290588, 'message_size_bytes': 507600}, {'client_id': 0, 'num_samples': 1381, 'compute_time_sec': 0.32337030000053346, 'message_size_bytes': 507600}, {'client_id': 5, 'num_samples': 5492, 'compute_time_sec': 2.008713399991393, 'message_size_bytes': 507600}, {'client_id': 9, 'num_samples': 4027, 'compute_time_sec': 0.9063213000190444, 'message_size_bytes': 507600}, {'client_id': 13, 'num_samples': 5096, 'compute_time_sec': 1.10585810005432, 'message_size_bytes': 507600}, {'client_id': 6, 'num_samples': 204, 'compute_time_sec': 0.06171589996665716, 'message_size_bytes': 507600}, {'client_id': 7, 'num_samples': 8486, 'compute_time_sec': 1.897881899960339, 'message_size_bytes': 507600}, {'client_id': 12, 'num_samples': 11425, 'compute_time_sec': 2.5119738000212237, 'message_size_bytes': 507600}, {'client_id': 26, 'num_samples': 1282, 'compute_time_sec': 0.2901564000057988, 'message_size_bytes': 507600}, {'client_id': 27, 'num_samples': 1115, 'compute_time_sec': 0.23492409999016672, 'message_size_bytes': 507600}, {'client_id': 22, 'num_samples': 4801, 'compute_time_sec': 1.0646977000287734, 'message_size_bytes': 507600}, {'client_id': 17, 'num_samples': 7020, 'compute_time_sec': 1.5628737000515684, 'message_size_bytes': 507600}, {'client_id': 4, 'num_samples': 6278, 'compute_time_sec': 1.357332400046289, 'message_size_bytes': 507600}, {'client_id': 14, 'num_samples': 10711, 'compute_time_sec': 2.3080193999921903, 'message_size_bytes': 507600}, {'client_id': 11, 'num_samples': 3841, 'compute_time_sec': 0.8654482999700122, 'message_size_bytes': 507600}, {'client_id': 16, 'num_samples': 7189, 'compute_time_sec': 1.6022220000158995, 'message_size_bytes': 507600}, {'client_id': 24, 'num_samples': 3861, 'compute_time_sec': 0.8389506000094116, 'message_size_bytes': 507600}, {'client_id': 21, 'num_samples': 1746, 'compute_time_sec': 0.3904120000079274, 'message_size_bytes': 507600}, {'client_id': 20, 'num_samples': 2912, 'compute_time_sec': 0.6168823000043631, 'message_size_bytes': 507600}, {'client_id': 15, 'num_samples': 1362, 'compute_time_sec': 0.30692880001151934, 'message_size_bytes': 507600}, {'client_id': 2, 'num_samples': 3219, 'compute_time_sec': 0.7377788000158034, 'message_size_bytes': 507600}, {'client_id': 19, 'num_samples': 5017, 'compute_time_sec': 1.0993610000004992, 'message_size_bytes': 507600}, {'client_id': 25, 'num_samples': 2314, 'compute_time_sec': 0.5393615000066347, 'message_size_bytes': 507600}, {'client_id': 18, 'num_samples': 1603, 'compute_time_sec': 0.3604767000069842, 'message_size_bytes': 507600}, {'client_id': 1, 'num_samples': 3565, 'compute_time_sec': 0.7839457000372931, 'message_size_bytes': 507600}, {'client_id': 3, 'num_samples': 3323, 'compute_time_sec': 0.7036022000247613, 'message_size_bytes': 507600}, {'client_id': 28, 'num_samples': 1987, 'compute_time_sec': 0.4207348999916576, 'message_size_bytes': 507600}, {'client_id': 29, 'num_samples': 5322, 'compute_time_sec': 1.1945656999596395, 'message_size_bytes': 507600}]",A,2.5119738000212237,30,28,2024,15228000,0.8796790245214506,0.749189420906973,1784490856.5299382
0.5,"[{'client_id': 5, 'num_samples': 5492, 'compute_time_sec': 1.197732599976007, 'message_size_bytes': 507600}, {'client_id': 28, 'num_samples': 1987, 'compute_time_sec': 0.4145743999979459, 'message_size_bytes': 507600}, {'client_id': 15, 'num_samples': 1362, 'compute_time_sec': 0.31471040000906214, 'message_size_bytes': 507600}, {'client_id': 14, 'num_samples': 10711, 'compute_time_sec': 3.046949800045695, 'message_size_bytes': 507600}, {'client_id': 2, 'num_samples': 3219, 'compute_time_sec': 0.7260591000085697, 'message_size_bytes': 507600}, {'client_id': 0, 'num_samples': 1381, 'compute_time_sec': 0.30499509995570406, 'message_size_bytes': 507600}, {'client_id': 7, 'num_samples': 8486, 'compute_time_sec': 1.8810534999938682, 'message_size_bytes': 507600}, {'client_id': 29, 'num_samples': 5322, 'compute_time_sec': 1.1298620000015944, 'message_size_bytes': 507600}, {'client_id': 3, 'num_samples': 3323, 'compute_time_sec': 0.7166864000027999, 'message_size_bytes': 507600}, {'client_id': 26, 'num_samples': 1282, 'compute_time_sec': 0.3088953000260517, 'message_size_bytes': 507600}, {'client_id': 8, 'num_samples': 2046, 'compute_time_sec': 0.43965150002622977, 'message_size_bytes': 507600}, {'client_id': 17, 'num_samples': 7020, 'compute_time_sec': 1.5489370999857783, 'message_size_bytes': 507600}, {'client_id': 4, 'num_samples': 6278, 'compute_time_sec': 1.355838700023014, 'message_size_bytes': 507600}, {'client_id': 6, 'num_samples': 204, 'compute_time_sec': 0.06700700003420934, 'message_size_bytes': 507600}, {'client_id': 1, 'num_samples': 3565, 'compute_time_sec': 0.7862333999946713, 'message_size_bytes': 507600}, {'client_id': 25, 'num_samples': 2314, 'compute_time_sec': 0.542743000027258, 'message_size_bytes': 507600}, {'client_id': 21, 'num_samples': 1746, 'compute_time_sec': 0.4102857999969274, 'message_size_bytes': 507600}, {'client_id': 18, 'num_samples': 1603, 'compute_time_sec': 0.3397134999977425, 'message_size_bytes': 507600}, {'client_id': 16, 'num_samples': 7189, 'compute_time_sec': 1.551933899987489, 'message_size_bytes': 507600}, {'client_id': 13, 'num_samples': 5096, 'compute_time_sec': 1.115704600000754, 'message_size_bytes': 507600}, {'client_id': 12, 'num_samples': 11425, 'compute_time_sec': 2.2337300999788567, 'message_size_bytes': 507600}, {'client_id': 27, 'num_samples': 1115, 'compute_time_sec': 0.1953687000204809, 'message_size_bytes': 507600}, {'client_id': 23, 'num_samples': 8367, 'compute_time_sec': 1.429113399994094, 'message_size_bytes': 507600}, {'client_id': 24, 'num_samples': 3861, 'compute_time_sec': 0.6651265000109561, 'message_size_bytes': 507600}, {'client_id': 19, 'num_samples': 5017, 'compute_time_sec': 0.8519204999902286, 'message_size_bytes': 507600}, {'client_id': 22, 'num_samples': 4801, 'compute_time_sec': 0.8331422999617644, 'message_size_bytes': 507600}, {'client_id': 20, 'num_samples': 2912, 'compute_time_sec': 0.4749553000438027, 'message_size_bytes': 507600}, {'client_id': 11, 'num_samples': 3841, 'compute_time_sec': 0.636405700002797, 'message_size_bytes': 507600}, {'client_id': 9, 'num_samples': 4027, 'compute_time_sec': 0.7112923000240698, 'message_size_bytes': 507600}, {'client_id': 10, 'num_samples': 1411, 'compute_time_sec': 0.24565190001158044, 'message_size_bytes': 507600}]",A,3.046949800045695,30,29,2024,15228000,0.8823239341910611,0.7676110368239042,1784490883.5122213
